backend,duration_ms,n,n_good,kept_up,offered_block,achieved_block,achieved_block_min,achieved_block_max,offered_logical,achieved_logical,drain_ms,query_service_p50_us,query_service_p99_us,query_e2e_p99_us,update_p99_us
concurrent-radix-tree-compressed,250,3,3,0,1280423972.0,61017711.56775457,60196808.70756152,67092712.983793765,9784780.0,466286.86813896475,4952.994192,1.493,3.856,90.632,4933145.982
concurrent-radix-tree-compressed,395,3,3,0,810394918.9873418,61583957.09921081,60739469.64255032,62804417.463082716,6192898.734177215,470614.0192017711,4758.61692,1.602,4.347,85.448,4739859.927
concurrent-radix-tree-compressed,625,3,3,0,512169588.8,62727784.76086465,60839841.479878105,63520217.91891675,3913912.0,479354.9536671852,4434.791167,1.713,4.867,74.36,4418253.515
concurrent-radix-tree-compressed,989,3,3,0,323666322.5480283,61595481.18394571,61517565.858504385,63873583.46550901,2473402.42669363,470702.0842773227,4165.053679,1.783,5.428,69.037,4157717.49
concurrent-radix-tree-compressed,1564,3,3,0,204671351.02301788,61987874.37785973,61012819.403830074,62079684.273624994,1564063.2992327365,473700.6856467963,3554.309235,1.863,5.939,62.344,3549400.971
concurrent-radix-tree-compressed,2473,3,3,0,129440353.0125354,61877168.7968096,61096996.05954218,63153329.64205054,989160.9381318238,472854.6926171159,2650.537612,2.043,7.06,58.05,2658439.497
concurrent-radix-tree-compressed,3911,3,3,0,81847607.51725902,58479207.17636964,58318811.79899953,60032809.12572459,625465.3541293787,446888.0537291269,1514.41854,2.283,8.352,53.256,1540422.907
concurrent-radix-tree-compressed,6185,3,3,3,51755213.09620049,49851254.52162814,49348652.729011714,49877200.15256204,395504.44624090544,380954.7219396613,182.17474,2.524,9.824,51.081,253645.027
concurrent-radix-tree-compressed,9781,3,3,3,32727327.77834577,32504809.420718066,32492198.761013906,32514477.437925946,250096.615887946,248396.16883059553,15.28577,2.604,10.045,49.896,5102.063
concurrent-radix-tree-compressed,15468,3,3,3,20694724.14016033,20607513.190965526,20605004.70782811,20614963.244071838,158145.52624773726,157479.07515800218,9.955638,2.584,10.687,48.641,3677.132
concurrent-radix-tree-compressed,24461,3,3,3,13086382.118474307,13054111.646304023,13053708.18205802,13054263.041663222,100003.88373328974,99757.27832946467,10.045514,2.704,11.938,52.867,2523.861
concurrent-radix-tree-compressed,38684,3,3,3,8274893.832075277,8274847.746067564,8274834.206594167,8274848.15313375,63235.31692689485,63234.9647455421,0.0,2.804,12.619,54.52,2068.984
concurrent-radix-tree-compressed,61176,3,3,3,5232542.058977377,5232518.524618525,5232516.945017239,5232518.910709217,39986.187393749184,39986.00754822236,0.0,2.844,13.531,57.512,1858.929
concurrent-radix-tree-compressed,96747,3,3,3,3308691.670025944,3308681.877870659,3308681.512588814,3308683.3218308208,25284.453264700714,25284.37843473245,0.0,3.034,16.164,65.708,1622.782
concurrent-radix-tree-compressed,153000,3,3,3,2092196.0326797385,2092191.7394065682,2092191.2953979932,2092191.7537510428,15988.202614379084,15988.169805923158,0.0,3.295,16.295,73.629,1392.34
feb-concurrent-radix-tree,250,3,3,0,1280423972.0,155368281.80536544,152786737.70841715,167124521.06805912,9784780.0,1187297.7152004647,1764.03438,59.049,11821.93,1917927.333,1241101.461
feb-concurrent-radix-tree,395,3,3,0,810394918.9873418,150356697.41824892,150195293.60414812,151768193.9664981,6192898.734177215,1149000.0483715823,1689.418907,58.118,11729.478,1939792.962,1135606.413
feb-concurrent-radix-tree,625,3,3,0,512169588.8,151452220.49843654,150561739.80256197,165971975.99423587,3913912.0,1157371.847524807,1442.299665,66.951,12050.338,1850345.522,900233.119
feb-concurrent-radix-tree,989,3,3,0,323666322.5480283,165829982.86152533,151476237.5074412,166691979.6621887,2473402.42669363,1267244.237210982,895.862077,40.161,11961.4,1746985.817,567452.837
feb-concurrent-radix-tree,1564,3,3,0,204671351.02301788,150855419.70376864,137903389.15083408,153353706.625009,1564063.2992327365,1152811.1983903416,504.724203,38.228,10129.585,1912389.679,159582.469
feb-concurrent-radix-tree,2473,3,3,0,129440353.0125354,106730042.23044655,106290530.83023196,113042582.13615856,989160.9381318238,815612.6450713067,473.95264,54.362,10259.68,2613750.845,17531.339
feb-concurrent-radix-tree,3911,3,3,1,81847607.51725902,73920979.17447495,73670063.34818475,75986007.94825871,625465.3541293787,564891.4222349619,367.506599,60.811,8227.642,3590484.772,8979.278
feb-concurrent-radix-tree,6185,3,3,3,51755213.09620049,49549297.78594053,49376846.79870863,49599665.345841564,395504.44624090544,378647.2204457565,222.485521,223.237,8298.86,4588481.131,6514.586
feb-concurrent-radix-tree,9781,3,3,3,32727327.77834577,32455855.287957754,32444861.234169465,32467436.053789064,250096.615887946,248022.06975901828,30.992693,736.812,7700.887,2258605.457,5714.061
feb-concurrent-radix-tree,15468,3,3,3,20694724.14016033,20681915.22356401,20678634.669109065,20688782.332039732,158145.52624773726,158047.64270785198,0.0,365.873,5454.529,20335.411,3907.522
feb-concurrent-radix-tree,24461,3,3,3,13086382.118474307,13085995.413159788,13085868.342599722,13086173.418590663,100003.88373328974,100000.92859771734,0.0,177.167,3351.76,8521.196,2775.883
feb-concurrent-radix-tree,38684,3,3,3,8274893.832075277,8274817.976653748,8274815.476948257,8274819.079339647,63235.31692689485,63234.7372527965,0.0,66.59,1562.199,4253.87,2314.617
feb-concurrent-radix-tree,61176,3,3,3,5232542.058977377,5232509.579544385,5232509.535067989,5232511.189847064,39986.187393749184,39985.939191502664,0.0,20.141,1100.381,2574.598,2100.05
feb-concurrent-radix-tree,96747,3,3,3,3308691.670025944,3308679.4810883524,3308677.6886423216,3308679.6297863587,25284.453264700714,25284.360118933862,0.0,14.412,917.156,2070.498,2071.356
feb-concurrent-radix-tree,153000,3,3,3,2092196.0326797385,2092190.7010120633,2092190.6543002657,2092190.9928104284,15988.202614379084,15988.161870690763,0.0,11.868,774.709,1689.674,2054.811
smg-positional,250,3,3,0,1280423972.0,199267268.44259223,193003147.20257917,201469831.54451615,9784780.0,1522766.2286470435,1314.407743,8.803,226.362,2203.995,1296653.285
smg-positional,395,3,3,0,810394918.9873418,203009822.0667761,199069638.3179479,203218568.37428537,6192898.734177215,1551366.180422112,1136.694692,8.733,138.279,473.814,1125179.184
smg-positional,625,3,3,0,512169588.8,205948250.98463652,205210773.91525,205951047.3446678,3913912.0,1573821.1493508741,886.481601,8.713,84.388,345.369,882464.699
smg-positional,989,3,3,0,323666322.5480283,205491677.74222106,203830161.41058588,205841980.02274558,2473402.42669363,1570332.0950777465,523.023465,8.834,64.187,309.006,528963.668
smg-positional,1564,3,3,3,204671351.02301788,194928904.222492,194853559.8487521,195031967.36483774,1564063.2992327365,1489613.1946662392,28.709581,9.484,54.572,282.6,49792.576
smg-positional,2473,3,3,3,129440353.0125354,128868829.9133826,128845113.95910154,128871223.24512142,989160.9381318238,984793.4568034374,0.0,8.463,43.897,222.956,10948.82
smg-positional,3911,3,3,3,81847607.51725902,81679887.94421189,81679678.4006952,81683042.04374288,625465.3541293787,624183.6699686262,0.0,7.822,35.753,197.531,6028.642
smg-positional,6185,3,3,3,51755213.09620049,51699633.56604362,51698502.90615198,51699870.328460895,395504.44624090544,395079.7170207559,0.0,7.451,30.376,174.387,4325.671
smg-positional,9781,3,3,3,32727327.77834577,32710147.677063018,32709554.207189452,32710561.48359658,250096.615887946,249965.32850571518,0.0,7.191,27.081,146.773,3528.648
smg-positional,15468,3,3,3,20694724.14016033,20691137.986582972,20691126.40166708,20691217.446990687,158145.52624773726,158118.12147824842,0.0,6.84,25.218,121.194,3142.765
smg-positional,24461,3,3,3,13086382.118474307,13086160.043219436,13086151.6003046,13086174.607834855,100003.88373328974,100002.18667234751,0.0,6.69,24.096,106.725,2955.032
smg-positional,38684,3,3,3,8274893.832075277,8274802.904004415,8274798.392102735,8274804.805195009,63235.31692689485,63234.62207019997,0.0,7.051,25.358,102.492,2826.72
smg-positional,61176,3,3,3,5232542.058977377,5232503.301879476,5232502.864643361,5232504.00999344,39986.187393749184,39985.891218666016,0.0,7.011,24.727,99.498,2762.994
smg-positional,96747,3,3,3,3308691.670025944,3308675.698151268,3308675.5432293806,3308675.7501338916,25284.453264700714,25284.331210378623,0.0,7.16,26.17,104.29,2743.741
smg-positional,153000,3,3,3,2092196.0326797385,2092189.5753622425,2092189.0619433664,2092189.588940921,15988.202614379084,15988.153268668233,0.0,7.701,29.334,120.077,2762.034
llmd,625,3,3,0,512169588.8,881469.908727049,874648.7003669613,885026.3042627128,3913912,6736.041594130866,362525.168508,9.885,5646.352,772134.236,359706464.07
llmd,2473,3,3,0,129440353.0125354,874734.7991379525,863977.3294850216,883575.8056574992,989160.9381318238,6684.573043833215,363473.303451,25.829,8818.034,1295659.117,360555042.827
llmd,9781,3,3,0,32727327.77834577,847746.7986037431,846570.807467666,861317.1796983867,250096.615887946,6478.335380651506,367815.188763,3541.515,11712.977,3827414.28,365146361.946
llmd,38684,3,3,0,8274893.832075277,805862.4451062273,796617.9168643849,809245.3073348005,63235.31692689485,6158.262347517585,358537.507458,2612.755,13695.609,57838.169,356083699.387
llmd,153000,3,3,0,2092196.0326797385,737361.282635641,735043.4723197881,739043.8903793845,15988.202614379084,5634.788233336487,281123.557757,688.848,9025.224,23306.74,279976140.476
llmd,300000,3,3,0,1067019.9766666666,707925.7043499305,704358.7613646176,709876.5522270052,8153.983333333334,5409.846601504516,152174.441533,535.326,7338.646,18672.292,154028518.773
llmd,480000,3,3,3,666887.4854166667,658977.5121783457,658222.1041971549,659600.5508826205,5096.239583333333,5035.792926885652,5761.579543,453.353,6183.25,15875.846,12274391.014
llmd,720000,3,3,3,444591.65694444446,444296.2378373468,444284.93201413524,444305.7598059808,3397.4930555555557,3395.235513496083,478.592923,296.757,4875.796,12349.613,108249.032
llmd,1200000,3,3,3,266754.99416666664,266711.22782278724,266709.91427286156,266722.81118978147,2038.4958333333334,2038.1613784530518,196.829638,215.244,3317.36,8518.967,31716.826
