sweep,backend,event_workers,rep,benchmark_duration_ms,offered_block_ops_per_sec,achieved_block_ops_per_sec,offered_logical_ops_per_sec,achieved_logical_ops_per_sec,generator_valid,kept_up,drain_ms,query_service_p50_us,query_service_p99_us,query_service_p999_us,query_scheduled_to_finished_p99_us,update_accepted_to_finished_p99_us,total_requests,total_events,total_block_ops
crtc_oct2026_mimalloc,concurrent-radix-tree-compressed,64,1,150,2134039953,1885844755,16307967,14411302,True,False,19.539,2.344,8.343,20.641,7575.706,17622.891,472160,1974035,320105993
crtc_oct2026_mimalloc,concurrent-radix-tree-compressed,64,2,150,2134039953,1783039539,16307967,13625682,True,False,29.016,2.194,7.942,25.368,13764.302,28265.886,472160,1974035,320105993
crtc_oct2026_mimalloc,concurrent-radix-tree-compressed,64,3,150,2134039953,1712457131,16307967,13086303,True,False,36.72,2.223,8.183,498.452,12776.903,35179.376,472160,1974035,320105993
crtc_oct2026_mimalloc,concurrent-radix-tree-compressed,64,1,153000,2092196,2092194,15988,15988,True,True,0.0,2.694,15.012,21.752,69.296,391.35,472160,1974035,320105993
crtc_oct2026_mimalloc,concurrent-radix-tree-compressed,64,2,153000,2092196,2092194,15988,15988,True,True,0.0,2.955,18.658,26.811,77.514,395.086,472160,1974035,320105993
crtc_oct2026_mimalloc,concurrent-radix-tree-compressed,64,3,153000,2092196,2092194,15988,15988,True,True,0.0,2.944,18.107,26.409,73.923,389.308,472160,1974035,320105993
crtc_oct2026_mimalloc,concurrent-radix-tree-compressed,64,1,15468,20694724,20694593,158146,158145,True,True,0.0,2.193,8.673,12.469,41.956,334.222,472160,1974035,320105993
crtc_oct2026_mimalloc,concurrent-radix-tree-compressed,64,2,15468,20694724,20694582,158146,158144,True,True,0.0,2.193,9.063,12.93,43.394,334.635,472160,1974035,320105993
crtc_oct2026_mimalloc,concurrent-radix-tree-compressed,64,3,15468,20694724,20694587,158146,158144,True,True,0.0,2.264,9.004,12.74,43.858,335.597,472160,1974035,320105993
crtc_oct2026_mimalloc,concurrent-radix-tree-compressed,64,1,1564,204671351,204633225,1564063,1563772,True,True,0.077,2.213,8.092,12.448,69.695,301.075,472160,1974035,320105993
crtc_oct2026_mimalloc,concurrent-radix-tree-compressed,64,2,1564,204671351,204633795,1564063,1563776,True,True,0.107,2.224,8.062,12.739,64.084,298.501,472160,1974035,320105993
crtc_oct2026_mimalloc,concurrent-radix-tree-compressed,64,3,1564,204671351,204633498,1564063,1563774,True,True,0.108,2.133,8.202,12.159,70.584,300.955,472160,1974035,320105993
crtc_oct2026_mimalloc,concurrent-radix-tree-compressed,64,1,187,1711796754,1687269184,13081257,12893821,True,True,2.502,2.403,8.743,21.292,5179.577,4503.265,472160,1974035,320105993
crtc_oct2026_mimalloc,concurrent-radix-tree-compressed,64,2,187,1711796754,1655626157,13081257,12652011,True,True,6.007,2.454,8.853,26.75,2210.105,4521.295,472160,1974035,320105993
crtc_oct2026_mimalloc,concurrent-radix-tree-compressed,64,3,187,1711796754,1683465648,13081257,12864755,True,True,2.704,2.514,8.903,26.32,2976.948,4333.801,472160,1974035,320105993
crtc_oct2026_mimalloc,concurrent-radix-tree-compressed,64,1,24461,13086382,13086324,100004,100003,True,True,0.0,2.213,9.875,15.273,45.313,349.284,472160,1974035,320105993
crtc_oct2026_mimalloc,concurrent-radix-tree-compressed,64,2,24461,13086382,13086319,100004,100003,True,True,0.0,2.274,10.485,16.495,46.61,348.145,472160,1974035,320105993
crtc_oct2026_mimalloc,concurrent-radix-tree-compressed,64,3,24461,13086382,13086320,100004,100003,True,True,0.0,2.244,9.834,14.222,45.006,350.039,472160,1974035,320105993
crtc_oct2026_mimalloc,concurrent-radix-tree-compressed,64,1,2473,129440353,129436222,989161,989129,True,True,0.0,1.953,7.452,11.016,52.061,286.46,472160,1974035,320105993
crtc_oct2026_mimalloc,concurrent-radix-tree-compressed,64,2,2473,129440353,129436272,989161,989130,True,True,0.0,2.083,8.152,12.779,55.915,291.67,472160,1974035,320105993
crtc_oct2026_mimalloc,concurrent-radix-tree-compressed,64,3,2473,129440353,129435960,989161,989127,True,True,0.0,2.113,8.123,11.837,53.804,292.031,472160,1974035,320105993
crtc_oct2026_mimalloc,concurrent-radix-tree-compressed,64,1,250,1280423972,1272220501,9784780,9722090,True,True,1.416,2.354,8.503,17.056,1074.272,1446.296,472160,1974035,320105993
crtc_oct2026_mimalloc,concurrent-radix-tree-compressed,64,2,250,1280423972,1272360879,9784780,9723163,True,True,1.353,2.323,8.273,16.715,1503.416,1458.929,472160,1974035,320105993
crtc_oct2026_mimalloc,concurrent-radix-tree-compressed,64,3,250,1280423972,1272202733,9784780,9721955,True,True,1.427,2.363,8.713,17.176,2358.28,1421.546,472160,1974035,320105993
crtc_oct2026_mimalloc,concurrent-radix-tree-compressed,64,1,38684,8274894,8274869,63235,63235,True,True,0.0,2.283,10.496,15.513,45.432,359.01,472160,1974035,320105993
crtc_oct2026_mimalloc,concurrent-radix-tree-compressed,64,2,38684,8274894,8274867,63235,63235,True,True,0.0,2.183,9.144,13.13,44.05,362.267,472160,1974035,320105993
crtc_oct2026_mimalloc,concurrent-radix-tree-compressed,64,3,38684,8274894,8274867,63235,63235,True,True,0.0,2.413,12.088,18.017,51.049,358.893,472160,1974035,320105993
crtc_oct2026_mimalloc,concurrent-radix-tree-compressed,64,1,3911,81847608,81845772,625465,625451,True,True,0.0,1.983,7.411,10.536,43.785,289.063,472160,1974035,320105993
crtc_oct2026_mimalloc,concurrent-radix-tree-compressed,64,2,3911,81847608,81845988,625465,625453,True,True,0.0,2.143,8.613,12.729,46.766,289.136,472160,1974035,320105993
crtc_oct2026_mimalloc,concurrent-radix-tree-compressed,64,3,3911,81847608,81845739,625465,625451,True,True,0.0,2.033,7.572,11.938,46.691,289.918,472160,1974035,320105993
crtc_oct2026_mimalloc,concurrent-radix-tree-compressed,64,1,395,810394919,808864664,6192899,6181205,True,True,0.55,2.224,7.972,14.321,242.032,777.936,472160,1974035,320105993
crtc_oct2026_mimalloc,concurrent-radix-tree-compressed,64,2,395,810394919,808845176,6192899,6181056,True,True,0.568,2.244,8.192,15.003,101.41,754.417,472160,1974035,320105993
crtc_oct2026_mimalloc,concurrent-radix-tree-compressed,64,3,395,810394919,808899540,6192899,6181471,True,True,0.566,2.273,8.293,15.674,2943.787,756.112,472160,1974035,320105993
crtc_oct2026_mimalloc,concurrent-radix-tree-compressed,64,1,61176,5232542,5232531,39986,39986,True,True,0.0,2.424,13.109,19.92,53.779,376.536,472160,1974035,320105993
crtc_oct2026_mimalloc,concurrent-radix-tree-compressed,64,2,61176,5232542,5232530,39986,39986,True,True,0.0,2.514,13.911,22.284,55.718,373.154,472160,1974035,320105993
crtc_oct2026_mimalloc,concurrent-radix-tree-compressed,64,3,61176,5232542,5232529,39986,39986,True,True,0.0,2.404,12.208,18.898,52.166,374.817,472160,1974035,320105993
crtc_oct2026_mimalloc,concurrent-radix-tree-compressed,64,1,6185,51755213,51754383,395504,395498,True,True,0.0,2.133,8.323,11.657,43.33,301.682,472160,1974035,320105993
crtc_oct2026_mimalloc,concurrent-radix-tree-compressed,64,2,6185,51755213,51754308,395504,395498,True,True,0.0,2.103,8.062,11.438,42.415,303.087,472160,1974035,320105993
crtc_oct2026_mimalloc,concurrent-radix-tree-compressed,64,3,6185,51755213,51754273,395504,395497,True,True,0.0,2.043,8.192,12.77,51.437,309.046,472160,1974035,320105993
crtc_oct2026_mimalloc,concurrent-radix-tree-compressed,64,1,625,512169589,511616692,3913912,3909687,True,True,0.478,2.273,8.372,13.931,86.274,467.786,472160,1974035,320105993
crtc_oct2026_mimalloc,concurrent-radix-tree-compressed,64,2,625,512169589,511633843,3913912,3909818,True,True,0.46,2.193,8.123,13.851,84.802,474.546,472160,1974035,320105993
crtc_oct2026_mimalloc,concurrent-radix-tree-compressed,64,3,625,512169589,511633938,3913912,3909819,True,True,0.439,2.203,8.062,13.951,89.652,469.378,472160,1974035,320105993
crtc_oct2026_mimalloc,concurrent-radix-tree-compressed,64,1,96747,3308692,3308687,25284,25284,True,True,0.0,2.674,16.435,23.425,64.219,381.535,472160,1974035,320105993
crtc_oct2026_mimalloc,concurrent-radix-tree-compressed,64,2,96747,3308692,3308687,25284,25284,True,True,0.0,2.604,13.44,19.43,57.797,379.943,472160,1974035,320105993
crtc_oct2026_mimalloc,concurrent-radix-tree-compressed,64,3,96747,3308692,3308686,25284,25284,True,True,0.0,2.794,15.644,22.784,63.771,381.087,472160,1974035,320105993
crtc_oct2026_mimalloc,concurrent-radix-tree-compressed,64,1,9781,32727328,32727019,250097,250094,True,True,0.0,2.173,8.323,11.717,42.291,319.008,472160,1974035,320105993
crtc_oct2026_mimalloc,concurrent-radix-tree-compressed,64,2,9781,32727328,32727033,250097,250094,True,True,0.0,2.063,8.343,11.778,40.978,315.766,472160,1974035,320105993
crtc_oct2026_mimalloc,concurrent-radix-tree-compressed,64,3,9781,32727328,32727031,250097,250094,True,True,0.0,2.063,7.701,10.907,38.782,319.042,472160,1974035,320105993
crtc_oct2026_mimalloc,concurrent-radix-tree-compressed,64,1,989,323666323,323507757,2473402,2472191,True,True,0.289,2.194,8.242,13.27,70.802,339.623,472160,1974035,320105993
crtc_oct2026_mimalloc,concurrent-radix-tree-compressed,64,2,989,323666323,323454174,2473402,2471781,True,True,0.46,2.154,7.852,12.519,69.376,342.376,472160,1974035,320105993
crtc_oct2026_mimalloc,concurrent-radix-tree-compressed,64,3,989,323666323,323499786,2473402,2472130,True,True,0.349,2.133,7.972,12.86,70.321,352.051,472160,1974035,320105993
rust_baselines_mimalloc,feb-concurrent-radix-tree,64,1,153000,2092196,2092192,15988,15988,True,True,0.0,10.666,503.24,926.659,1076.57,1465.103,472160,1974035,320105993
rust_baselines_mimalloc,feb-concurrent-radix-tree,64,2,153000,2092196,2092190,15988,15988,True,True,0.151,10.786,513.135,972.348,1102.393,1469.089,472160,1974035,320105993
rust_baselines_mimalloc,feb-concurrent-radix-tree,64,3,153000,2092196,2092191,15988,15988,True,True,0.0,10.596,508.879,949.696,1092.917,1472.976,472160,1974035,320105993
rust_baselines_mimalloc,feb-concurrent-radix-tree,64,1,15468,20694724,20693688,158146,158138,True,True,0.406,172.321,1332.753,3002.504,4076.686,1688.249,472160,1974035,320105993
rust_baselines_mimalloc,feb-concurrent-radix-tree,64,2,15468,20694724,20693893,158146,158139,True,True,0.235,172.641,1329.791,2907.836,3988.201,1684.257,472160,1974035,320105993
rust_baselines_mimalloc,feb-concurrent-radix-tree,64,3,15468,20694724,20693770,158146,158138,True,True,0.379,174.063,1344.071,2416.161,4072.115,1685.267,472160,1974035,320105993
rust_baselines_mimalloc,feb-concurrent-radix-tree,64,1,1564,204671351,156550118,1564063,1196329,True,False,480.435,79.93,4291.652,6644.355,1768639.114,6434.588,472160,1974035,320105993
rust_baselines_mimalloc,feb-concurrent-radix-tree,64,2,1564,204671351,155817891,1564063,1190734,True,False,490.117,81.654,4309.955,6868.141,1769017.149,6270.689,472160,1974035,320105993
rust_baselines_mimalloc,feb-concurrent-radix-tree,64,3,1564,204671351,157762458,1564063,1205594,True,False,464.818,76.345,4298.355,6733.212,1746300.138,6293.138,472160,1974035,320105993
rust_baselines_mimalloc,feb-concurrent-radix-tree,64,1,24461,13086382,13086196,100004,100002,True,True,0.0,78.088,1044.447,1959.59,2784.111,1605.635,472160,1974035,320105993
rust_baselines_mimalloc,feb-concurrent-radix-tree,64,2,24461,13086382,13086210,100004,100003,True,True,0.002,77.417,1040.924,2192.736,2743.304,1602.182,472160,1974035,320105993
rust_baselines_mimalloc,feb-concurrent-radix-tree,64,3,24461,13086382,13086206,100004,100003,True,True,0.0,77.717,1054.583,2091.63,2758.162,1613.088,472160,1974035,320105993
rust_baselines_mimalloc,feb-concurrent-radix-tree,64,1,2473,129440353,112559913,989161,860164,True,False,370.573,89.025,3492.925,6979.251,2532039.426,3883.615,472160,1974035,320105993
rust_baselines_mimalloc,feb-concurrent-radix-tree,64,2,2473,129440353,112610646,989161,860551,True,False,369.268,86.951,3475.123,7460.257,2535009.6,3816.469,472160,1974035,320105993
rust_baselines_mimalloc,feb-concurrent-radix-tree,64,3,2473,129440353,112788267,989161,861909,True,False,364.819,83.526,3454.85,6643.217,2522277.507,3736.866,472160,1974035,320105993
rust_baselines_mimalloc,feb-concurrent-radix-tree,64,1,250,1280423972,237400765,9784780,1814176,True,False,1098.187,77.477,6852.749,13278.755,1165038.705,550756.619,472160,1974035,320105993
rust_baselines_mimalloc,feb-concurrent-radix-tree,64,2,250,1280423972,233440840,9784780,1783915,True,False,1121.046,82.355,7088.574,13447.535,1186531.539,561391.646,472160,1974035,320105993
rust_baselines_mimalloc,feb-concurrent-radix-tree,64,3,250,1280423972,233367263,9784780,1783353,True,False,1121.461,82.565,6760.644,13376.969,1181337.17,564193.014,472160,1974035,320105993
rust_baselines_mimalloc,feb-concurrent-radix-tree,64,1,38684,8274894,8274819,63235,63235,True,True,0.0,25.489,857.886,1414.176,2036.005,1545.534,472160,1974035,320105993
rust_baselines_mimalloc,feb-concurrent-radix-tree,64,2,38684,8274894,8274825,63235,63235,True,True,0.0,25.718,852.75,1478.225,2052.902,1542.633,472160,1974035,320105993
rust_baselines_mimalloc,feb-concurrent-radix-tree,64,3,38684,8274894,8274826,63235,63235,True,True,0.0,25.418,860.53,1411.282,2058.523,1537.393,472160,1974035,320105993
rust_baselines_mimalloc,feb-concurrent-radix-tree,64,1,3911,81847608,78666279,625465,601154,True,True,157.839,529.83,2966.14,7959.592,2167131.448,2863.455,472160,1974035,320105993
rust_baselines_mimalloc,feb-concurrent-radix-tree,64,2,3911,81847608,78656795,625465,601082,True,True,158.37,533.306,2951.081,7618.597,2179910.862,3277.714,472160,1974035,320105993
rust_baselines_mimalloc,feb-concurrent-radix-tree,64,3,3911,81847608,78622948,625465,600823,True,True,160.027,522.049,2990.128,7381.122,2175469.679,2856.525,472160,1974035,320105993
rust_baselines_mimalloc,feb-concurrent-radix-tree,64,1,395,810394919,230096554,6192899,1758358,True,False,995.949,86.09,6963.697,13968.606,1191893.093,421552.046,472160,1974035,320105993
rust_baselines_mimalloc,feb-concurrent-radix-tree,64,2,395,810394919,238506642,6192899,1822627,True,False,946.914,79.581,6835.141,13292.952,1147623.227,406384.371,472160,1974035,320105993
rust_baselines_mimalloc,feb-concurrent-radix-tree,64,3,395,810394919,232169166,6192899,1774197,True,False,983.523,85.219,6827.723,12954.74,1175036.868,417353.377,472160,1974035,320105993
rust_baselines_mimalloc,feb-concurrent-radix-tree,64,1,61176,5232542,5232515,39986,39986,True,True,0.029,14.853,713.317,1134.854,1599.324,1495.959,472160,1974035,320105993
rust_baselines_mimalloc,feb-concurrent-radix-tree,64,2,61176,5232542,5232512,39986,39986,True,True,0.002,14.882,719.829,1215.689,1664.649,1500.12,472160,1974035,320105993
rust_baselines_mimalloc,feb-concurrent-radix-tree,64,3,61176,5232542,5232509,39986,39986,True,True,0.056,14.913,711.525,1168.836,1615.929,1498.764,472160,1974035,320105993
rust_baselines_mimalloc,feb-concurrent-radix-tree,64,1,6185,51755213,51715360,395504,395200,True,True,4.427,549.04,2491.623,8249.208,35420.567,2270.649,472160,1974035,320105993
rust_baselines_mimalloc,feb-concurrent-radix-tree,64,2,6185,51755213,51714017,395504,395190,True,True,4.61,556.761,2552.609,6457.282,25499.51,2270.422,472160,1974035,320105993
rust_baselines_mimalloc,feb-concurrent-radix-tree,64,3,6185,51755213,51711812,395504,395173,True,True,4.86,557.172,2539.136,7996.522,27279.998,2322.669,472160,1974035,320105993
rust_baselines_mimalloc,feb-concurrent-radix-tree,64,1,625,512169589,234851213,3913912,1794693,True,False,737.843,85.8,6922.755,12983.909,1146755.115,191696.934,472160,1974035,320105993
rust_baselines_mimalloc,feb-concurrent-radix-tree,64,2,625,512169589,234440691,3913912,1791555,True,False,740.217,85.039,6701.71,16910.84,1149207.289,201915.197,472160,1974035,320105993
rust_baselines_mimalloc,feb-concurrent-radix-tree,64,3,625,512169589,241154014,3913912,1842858,True,False,702.223,81.373,6795.294,14081.757,1105882.943,175785.624,472160,1974035,320105993
rust_baselines_mimalloc,feb-concurrent-radix-tree,64,1,96747,3308692,3308680,25284,25284,True,True,0.057,12.058,612.104,1038.579,1347.222,1482.259,472160,1974035,320105993
rust_baselines_mimalloc,feb-concurrent-radix-tree,64,2,96747,3308692,3308681,25284,25284,True,True,0.019,12.019,610.724,1025.432,1318.421,1483.325,472160,1974035,320105993
rust_baselines_mimalloc,feb-concurrent-radix-tree,64,3,96747,3308692,3308680,25284,25284,True,True,0.0,12.219,608.92,1042.786,1319.666,1480.106,472160,1974035,320105993
rust_baselines_mimalloc,feb-concurrent-radix-tree,64,1,9781,32727328,32719866,250097,250040,True,True,1.932,323.959,1795.762,4361.728,6463.599,1873.86,472160,1974035,320105993
rust_baselines_mimalloc,feb-concurrent-radix-tree,64,2,9781,32727328,32718280,250097,250027,True,True,2.406,323.329,1797.017,3787.186,6267.106,1863.087,472160,1974035,320105993
rust_baselines_mimalloc,feb-concurrent-radix-tree,64,3,9781,32727328,32719012,250097,250033,True,True,2.181,326.834,1829.444,5090.04,6467.656,1882.744,472160,1974035,320105993
rust_baselines_mimalloc,feb-concurrent-radix-tree,64,1,989,323666323,205034671,2473402,1566840,True,False,572.005,76.866,5776.113,10193.224,1326155.336,17814.184,472160,1974035,320105993
rust_baselines_mimalloc,feb-concurrent-radix-tree,64,2,989,323666323,205935417,2473402,1573723,True,False,565.213,79.951,5850.393,10468.473,1328280.18,18352.841,472160,1974035,320105993
rust_baselines_mimalloc,feb-concurrent-radix-tree,64,3,989,323666323,205677579,2473402,1571753,True,False,567.105,76.225,5709.657,10021.49,1325581.109,16946.463,472160,1974035,320105993
rust_baselines_mimalloc,smg-positional,64,1,153000,2092196,2092191,15988,15988,True,True,0.047,7.681,27.672,38.037,114.769,2290.519,472160,1974035,320105993
rust_baselines_mimalloc,smg-positional,64,2,153000,2092196,2092190,15988,15988,True,True,0.087,7.702,27.292,37.516,115.714,2251.271,472160,1974035,320105993
rust_baselines_mimalloc,smg-positional,64,3,153000,2092196,2092190,15988,15988,True,True,0.121,7.591,26.62,36.285,111.15,2273.526,472160,1974035,320105993
rust_baselines_mimalloc,smg-positional,64,1,15468,20694724,20691712,158146,158123,True,True,1.859,6.77,23.185,59.24,126.641,2873.78,472160,1974035,320105993
rust_baselines_mimalloc,smg-positional,64,2,15468,20694724,20692507,158146,158129,True,True,1.363,6.991,24.056,63.166,131.156,2955.899,472160,1974035,320105993
rust_baselines_mimalloc,smg-positional,64,3,15468,20694724,20692274,158146,158127,True,True,1.536,7.041,24.097,61.253,133.083,2942.105,472160,1974035,320105993
rust_baselines_mimalloc,smg-positional,64,1,1564,204671351,203145907,1564063,1552406,True,True,11.562,9.344,53.541,164.779,1820.345,39714.46,472160,1974035,320105993
rust_baselines_mimalloc,smg-positional,64,2,1564,204671351,202984633,1564063,1551174,True,True,12.773,9.555,57.778,208.355,13412.312,62741.866,472160,1974035,320105993
rust_baselines_mimalloc,smg-positional,64,3,1564,204671351,200614550,1564063,1533062,True,True,31.412,9.524,92.059,264.43,23964.098,74564.314,472160,1974035,320105993
rust_baselines_mimalloc,smg-positional,64,1,24461,13086382,13086202,100004,100003,True,True,0.0,6.82,22.584,49.675,105.632,2583.102,472160,1974035,320105993
rust_baselines_mimalloc,smg-positional,64,2,24461,13086382,13086182,100004,100002,True,True,0.037,6.78,22.954,52.679,109.836,2569.905,472160,1974035,320105993
rust_baselines_mimalloc,smg-positional,64,3,24461,13086382,13086205,100004,100003,True,True,0.034,6.83,23.055,50.617,105.35,2575.641,472160,1974035,320105993
rust_baselines_mimalloc,smg-positional,64,1,2473,129440353,129020535,989161,985953,True,True,7.751,8.452,46.671,1540.887,14677.35,41016.956,472160,1974035,320105993
rust_baselines_mimalloc,smg-positional,64,2,2473,129440353,129057769,989161,986237,True,True,7.019,8.392,44.137,309.177,7243.395,30561.476,472160,1974035,320105993
rust_baselines_mimalloc,smg-positional,64,3,2473,129440353,129051002,989161,986186,True,True,7.15,8.392,43.897,181.113,5120.112,31026.936,472160,1974035,320105993
rust_baselines_mimalloc,smg-positional,64,1,250,1280423972,225532821,9784780,1723483,True,False,1169.127,9.404,206.893,404.0,4873.544,1112217.192,472160,1974035,320105993
rust_baselines_mimalloc,smg-positional,64,2,250,1280423972,223716882,9784780,1709606,True,False,1180.615,9.294,179.752,349.859,1127.601,1115598.066,472160,1974035,320105993
rust_baselines_mimalloc,smg-positional,64,3,250,1280423972,218013503,9784780,1666022,True,False,1218.076,9.194,182.665,373.353,1350.232,1152225.927,472160,1974035,320105993
rust_baselines_mimalloc,smg-positional,64,1,38684,8274894,8274816,63235,63235,True,True,0.013,6.891,25.468,40.812,100.412,2334.366,472160,1974035,320105993
rust_baselines_mimalloc,smg-positional,64,2,38684,8274894,8274818,63235,63235,True,True,0.029,6.81,22.484,37.917,97.288,2384.024,472160,1974035,320105993
rust_baselines_mimalloc,smg-positional,64,3,38684,8274894,8274825,63235,63235,True,True,0.0,6.76,22.064,39.249,105.914,2345.384,472160,1974035,320105993
rust_baselines_mimalloc,smg-positional,64,1,3911,81847608,81703632,625465,624365,True,True,6.583,7.761,36.084,2105.921,2378.687,30275.825,472160,1974035,320105993
rust_baselines_mimalloc,smg-positional,64,2,3911,81847608,81708676,625465,624404,True,True,6.335,7.871,36.085,605.445,6566.617,34456.706,472160,1974035,320105993
rust_baselines_mimalloc,smg-positional,64,3,3911,81847608,81697443,625465,624318,True,True,6.781,7.762,37.627,2950.728,1921.871,43447.562,472160,1974035,320105993
rust_baselines_mimalloc,smg-positional,64,1,395,810394919,222175482,6192899,1697827,True,False,1045.544,8.924,130.076,275.546,492.032,996910.681,472160,1974035,320105993
rust_baselines_mimalloc,smg-positional,64,2,395,810394919,233578076,6192899,1784964,True,False,975.248,9.244,125.319,264.31,462.179,942571.475,472160,1974035,320105993
rust_baselines_mimalloc,smg-positional,64,3,395,810394919,235637643,6192899,1800702,True,False,963.255,9.064,104.047,233.833,426.363,912015.634,472160,1974035,320105993
rust_baselines_mimalloc,smg-positional,64,1,61176,5232542,5232511,39986,39986,True,True,0.0,6.891,23.045,33.03,94.681,2317.62,472160,1974035,320105993
rust_baselines_mimalloc,smg-positional,64,2,61176,5232542,5232513,39986,39986,True,True,0.052,7.231,24.567,38.378,101.345,2318.246,472160,1974035,320105993
rust_baselines_mimalloc,smg-positional,64,3,61176,5232542,5232512,39986,39986,True,True,0.0,7.011,23.656,33.681,98.832,2298.963,472160,1974035,320105993
rust_baselines_mimalloc,smg-positional,64,1,6185,51755213,51711599,395504,395171,True,True,4.965,7.331,30.126,2819.348,242.039,16135.92,472160,1974035,320105993
rust_baselines_mimalloc,smg-positional,64,2,6185,51755213,51712566,395504,395179,True,True,4.741,7.412,31.327,2672.751,241.102,16307.071,472160,1974035,320105993
rust_baselines_mimalloc,smg-positional,64,3,6185,51755213,51707858,395504,395143,True,True,5.356,7.372,30.045,3063.198,318.672,13723.043,472160,1974035,320105993
rust_baselines_mimalloc,smg-positional,64,1,625,512169589,227759882,3913912,1740502,True,False,780.078,9.244,79.751,186.752,348.612,721309.621,472160,1974035,320105993
rust_baselines_mimalloc,smg-positional,64,2,625,512169589,232736499,3913912,1778532,True,False,750.135,9.465,79.239,176.728,333.324,706226.593,472160,1974035,320105993
rust_baselines_mimalloc,smg-positional,64,3,625,512169589,233079520,3913912,1781154,True,False,748.154,9.404,81.903,179.971,342.523,689983.551,472160,1974035,320105993
rust_baselines_mimalloc,smg-positional,64,1,96747,3308692,3308678,25284,25284,True,True,0.119,6.931,23.616,33.11,98.275,2286.314,472160,1974035,320105993
rust_baselines_mimalloc,smg-positional,64,2,96747,3308692,3308680,25284,25284,True,True,0.0,7.351,26.039,36.325,104.073,2294.011,472160,1974035,320105993
rust_baselines_mimalloc,smg-positional,64,3,96747,3308692,3308678,25284,25284,True,True,0.042,7.041,24.868,34.482,101.132,2294.326,472160,1974035,320105993
rust_baselines_mimalloc,smg-positional,64,1,9781,32727328,32713744,250097,249993,True,True,3.785,7.081,25.599,70.327,154.085,3402.699,472160,1974035,320105993
rust_baselines_mimalloc,smg-positional,64,2,9781,32727328,32714046,250097,249995,True,True,3.646,7.1,25.609,73.241,147.733,3818.723,472160,1974035,320105993
rust_baselines_mimalloc,smg-positional,64,3,9781,32727328,32713984,250097,249995,True,True,3.681,7.171,26.19,157.999,165.89,3853.121,472160,1974035,320105993
rust_baselines_mimalloc,smg-positional,64,1,989,323666323,237964796,2473402,1818486,True,False,355.989,9.695,68.323,167.343,350.169,325419.722,472160,1974035,320105993
rust_baselines_mimalloc,smg-positional,64,2,989,323666323,238993975,2473402,1826351,True,False,350.182,9.815,67.332,157.669,326.378,319968.639,472160,1974035,320105993
rust_baselines_mimalloc,smg-positional,64,3,989,323666323,232113168,2473402,1773769,True,False,389.918,9.624,63.886,161.524,318.05,351229.29,472160,1974035,320105993
llmd,llmd,4,1,1200000,266755,266723,2038,2038,True,True,144.56,216.376,3317.36,7427.595,8518.967,31906.521,472160,1974035,320105993
llmd,llmd,4,2,1200000,266755,266710,2038,2038,True,True,202.725,215.244,3343.999,7546.102,8503.162,31716.826,472160,1974035,320105993
llmd,llmd,4,3,1200000,266755,266711,2038,2038,True,True,196.83,214.333,3274.074,7456.967,8519.174,31197.946,472160,1974035,320105993
llmd,llmd,4,1,153000,2092196,737361,15988,5635,True,False,281123.558,676.519,8856.611,14498.689,22828.96,279976140.476,472160,1974035,320105993
llmd,llmd,4,2,153000,2092196,735043,15988,5617,True,False,282492.507,688.848,9025.224,14521.793,23306.74,281615365.362,472160,1974035,320105993
llmd,llmd,4,3,153000,2092196,739044,15988,5648,True,False,280135.209,691.604,9100.329,15027.051,23414.633,279251893.055,472160,1974035,320105993
llmd,llmd,4,1,2473,129440353,883576,989161,6752,True,False,359811.662,17.917,8818.034,12673.012,1295659.117,357056858.142,472160,1974035,320105993
llmd,llmd,4,2,2473,129440353,863977,989161,6602,True,False,368029.713,32.258,9000.682,12792.009,1696599.652,365527005.104,472160,1974035,320105993
llmd,llmd,4,3,2473,129440353,874735,989161,6685,True,False,363473.303,25.829,7653.804,11305.907,1019430.829,360555042.827,472160,1974035,320105993
llmd,llmd,4,1,300000,1067020,707926,8154,5410,True,False,152174.442,535.326,7382.782,12371.777,18854.774,154028518.773,472160,1974035,320105993
llmd,llmd,4,2,300000,1067020,704359,8154,5383,True,False,154464.337,539.533,7320.154,12206.753,18661.353,156215959.55,472160,1974035,320105993
llmd,llmd,4,3,300000,1067020,709877,8154,5425,True,False,150931.816,531.1,7338.646,12421.173,18672.292,152589943.346,472160,1974035,320105993
llmd,llmd,4,1,38684,8274894,805862,63235,6158,True,False,358537.507,2606.416,13265.603,18078.503,54171.747,356083699.387,472160,1974035,320105993
llmd,llmd,4,2,38684,8274894,809245,63235,6184,True,False,356876.994,2612.755,13695.609,18966.318,57838.169,354786704.317,472160,1974035,320105993
llmd,llmd,4,3,38684,8274894,796618,63235,6088,True,False,363147.123,2710.757,13787.626,18553.941,58388.181,360852740.912,472160,1974035,320105993
llmd,llmd,4,1,480000,666887,658978,5096,5036,True,True,5761.58,453.353,6095.742,10932.848,15596.058,12274391.014,472160,1974035,320105993
llmd,llmd,4,2,480000,666887,658222,5096,5030,True,True,6319.047,455.526,6183.25,11251.71,15875.846,12675341.207,472160,1974035,320105993
llmd,llmd,4,3,480000,666887,659601,5096,5041,True,True,5302.715,447.474,6330.337,11383.479,15886.487,9734164.333,472160,1974035,320105993
llmd,llmd,4,1,625,512169589,885026,3913912,6763,True,False,361065.896,9.234,5646.352,8697.481,772134.236,358318355.71,472160,1974035,320105993
llmd,llmd,4,2,625,512169589,881470,3913912,6736,True,False,362525.169,16.405,3546.986,5910.048,390924.913,359706464.07,472160,1974035,320105993
llmd,llmd,4,3,625,512169589,874649,3913912,6684,True,False,365357.333,9.885,6006.602,8954.344,788120.996,362653133.597,472160,1974035,320105993
llmd,llmd,4,1,720000,444592,444306,3397,3395,True,True,463.217,298.249,4886.207,9561.866,12466.127,109771.627,472160,1974035,320105993
llmd,llmd,4,2,720000,444592,444296,3397,3395,True,True,478.593,296.757,4875.796,9382.856,12349.613,107053.955,472160,1974035,320105993
llmd,llmd,4,3,720000,444592,444285,3397,3395,True,True,496.997,296.226,4857.105,9351.554,12213.935,108249.032,472160,1974035,320105993
llmd,llmd,4,1,9781,32727328,846571,250097,6469,True,False,368339.721,3445.611,11431.842,15301.29,3392135.739,365711992.139,472160,1974035,320105993
llmd,llmd,4,2,9781,32727328,847747,250097,6478,True,False,367815.189,3541.515,11712.977,15699.783,3827414.28,365146361.946,472160,1974035,320105993
llmd,llmd,4,3,9781,32727328,861317,250097,6582,True,False,361866.023,3609.41,11982.73,15987.615,4190710.719,358988357.332,472160,1974035,320105993
glibc,concurrent-radix-tree-compressed,16,1,153000,2092196,2092192,15988,15988,True,True,0.0,3.295,16.996,24.387,75.506,1392.34,472160,1974035,320105993
glibc,concurrent-radix-tree-compressed,16,2,153000,2092196,2092191,15988,15988,True,True,0.0,3.114,16.295,23.956,73.629,1419.787,472160,1974035,320105993
glibc,concurrent-radix-tree-compressed,16,3,153000,2092196,2092192,15988,15988,True,True,0.0,3.305,16.154,23.395,73.588,1379.401,472160,1974035,320105993
glibc,concurrent-radix-tree-compressed,16,1,15468,20694724,20605005,158146,157460,True,True,15.283,2.483,10.105,14.171,46.317,3860.378,472160,1974035,320105993
glibc,concurrent-radix-tree-compressed,16,2,15468,20694724,20607513,158146,157479,True,True,9.956,2.584,10.687,16.184,48.641,3200.624,472160,1974035,320105993
glibc,concurrent-radix-tree-compressed,16,3,15468,20694724,20614963,158146,157536,True,True,9.279,2.694,11.117,15.954,49.788,3677.132,472160,1974035,320105993
glibc,concurrent-radix-tree-compressed,16,1,1564,204671351,62079684,1564063,474402,True,False,3548.16,1.822,5.898,9.694,62.344,3549400.971,472160,1974035,320105993
glibc,concurrent-radix-tree-compressed,16,2,1564,204671351,61987874,1564063,473701,True,False,3554.309,1.933,6.259,10.076,62.81,3548644.158,472160,1974035,320105993
glibc,concurrent-radix-tree-compressed,16,3,1564,204671351,61012819,1564063,466249,True,False,3636.107,1.863,5.939,9.594,59.392,3639351.368,472160,1974035,320105993
glibc,concurrent-radix-tree-compressed,16,1,24461,13086382,13053708,100004,99754,True,True,9.471,2.704,11.538,17.336,52.867,2555.047,472160,1974035,320105993
glibc,concurrent-radix-tree-compressed,16,2,24461,13086382,13054263,100004,99758,True,True,10.046,2.644,12.209,19.019,52.982,2520.628,472160,1974035,320105993
glibc,concurrent-radix-tree-compressed,16,3,24461,13086382,13054112,100004,99757,True,True,10.118,2.754,11.938,18.138,52.364,2523.861,472160,1974035,320105993
glibc,concurrent-radix-tree-compressed,16,1,2473,129440353,61096996,989161,466893,True,False,2718.116,1.933,6.711,10.136,56.275,2743316.892,472160,1974035,320105993
glibc,concurrent-radix-tree-compressed,16,2,2473,129440353,61877169,989161,472855,True,False,2650.538,2.073,7.311,11.167,58.491,2658439.497,472160,1974035,320105993
glibc,concurrent-radix-tree-compressed,16,3,2473,129440353,63153330,989161,482607,True,False,2544.928,2.043,7.06,10.897,58.05,2548291.067,472160,1974035,320105993
glibc,concurrent-radix-tree-compressed,16,1,250,1280423972,67092713,9784780,512711,True,False,4476.397,1.493,3.856,9.935,88.039,4458737.032,472160,1974035,320105993
glibc,concurrent-radix-tree-compressed,16,2,250,1280423972,60196809,9784780,460014,True,False,5023.224,1.492,3.826,9.475,91.245,4995466.796,472160,1974035,320105993
glibc,concurrent-radix-tree-compressed,16,3,250,1280423972,61017712,9784780,466287,True,False,4952.994,1.543,3.915,10.576,90.632,4933145.982,472160,1974035,320105993
glibc,concurrent-radix-tree-compressed,16,1,38684,8274894,8274848,63235,63235,True,True,0.0,2.794,12.869,18.718,54.52,2108.934,472160,1974035,320105993
glibc,concurrent-radix-tree-compressed,16,2,38684,8274894,8274834,63235,63235,True,True,0.0,2.804,12.619,19.439,54.262,2047.944,472160,1974035,320105993
glibc,concurrent-radix-tree-compressed,16,3,38684,8274894,8274848,63235,63235,True,True,0.0,2.894,12.539,18.488,54.693,2068.984,472160,1974035,320105993
glibc,concurrent-radix-tree-compressed,16,1,3911,81847608,58318812,625465,445662,True,False,1526.162,2.273,8.352,11.868,53.122,1554281.222,472160,1974035,320105993
glibc,concurrent-radix-tree-compressed,16,2,3911,81847608,58479207,625465,446888,True,False,1514.419,2.283,8.303,11.918,54.769,1540422.907,472160,1974035,320105993
glibc,concurrent-radix-tree-compressed,16,3,3911,81847608,60032809,625465,458760,True,False,1369.642,2.383,8.813,12.889,53.256,1409085.89,472160,1974035,320105993
glibc,concurrent-radix-tree-compressed,16,1,395,810394919,60739470,6192899,464161,True,False,4831.46,1.582,4.297,9.695,85.448,4813262.743,472160,1974035,320105993
glibc,concurrent-radix-tree-compressed,16,2,395,810394919,61583957,6192899,470614,True,False,4758.617,1.602,4.347,9.995,77.513,4739859.927,472160,1974035,320105993
glibc,concurrent-radix-tree-compressed,16,3,395,810394919,62804417,6192899,479941,True,False,4658.926,1.663,4.397,9.183,87.834,4641988.769,472160,1974035,320105993
glibc,concurrent-radix-tree-compressed,16,1,61176,5232542,5232519,39986,39986,True,True,0.0,3.025,15.654,22.444,61.13,1815.64,472160,1974035,320105993
glibc,concurrent-radix-tree-compressed,16,2,61176,5232542,5232519,39986,39986,True,True,0.0,2.815,12.709,18.398,56.059,1858.929,472160,1974035,320105993
glibc,concurrent-radix-tree-compressed,16,3,61176,5232542,5232517,39986,39986,True,True,0.0,2.844,13.531,20.401,57.512,1886.227,472160,1974035,320105993
glibc,concurrent-radix-tree-compressed,16,1,6185,51755213,49877200,395504,381153,True,True,182.175,2.524,9.824,13.5,51.081,239753.24,472160,1974035,320105993
glibc,concurrent-radix-tree-compressed,16,2,6185,51755213,49851255,395504,380955,True,True,180.105,2.524,9.824,13.761,51.106,253645.027,472160,1974035,320105993
glibc,concurrent-radix-tree-compressed,16,3,6185,51755213,49348653,395504,377114,True,True,248.384,2.524,9.605,13.541,50.289,324890.809,472160,1974035,320105993
glibc,concurrent-radix-tree-compressed,16,1,625,512169589,60839841,3913912,464928,True,False,4593.492,1.732,4.908,10.126,78.12,4577816.645,472160,1974035,320105993
glibc,concurrent-radix-tree-compressed,16,2,625,512169589,62727785,3913912,479355,True,False,4434.791,1.713,4.867,9.665,74.36,4418253.515,472160,1974035,320105993
glibc,concurrent-radix-tree-compressed,16,3,625,512169589,63520218,3913912,485411,True,False,4371.404,1.653,4.737,9.595,71.407,4345481.662,472160,1974035,320105993
glibc,concurrent-radix-tree-compressed,16,1,96747,3308692,3308682,25284,25284,True,True,0.0,3.034,16.014,23.966,65.708,1617.822,472160,1974035,320105993
glibc,concurrent-radix-tree-compressed,16,2,96747,3308692,3308683,25284,25284,True,True,0.0,3.095,16.565,24.547,66.735,1622.782,472160,1974035,320105993
glibc,concurrent-radix-tree-compressed,16,3,96747,3308692,3308682,25284,25284,True,True,0.0,2.945,16.164,23.726,63.474,1641.768,472160,1974035,320105993
glibc,concurrent-radix-tree-compressed,16,1,9781,32727328,32492199,250097,248300,True,True,17.818,2.524,9.925,13.781,47.511,5102.063,472160,1974035,320105993
glibc,concurrent-radix-tree-compressed,16,2,9781,32727328,32514477,250097,248470,True,True,12.367,2.604,10.045,13.551,49.896,4980.363,472160,1974035,320105993
glibc,concurrent-radix-tree-compressed,16,3,9781,32727328,32504809,250097,248396,True,True,15.286,2.634,10.706,15.734,51.028,6157.657,472160,1974035,320105993
glibc,concurrent-radix-tree-compressed,16,1,989,323666323,63873583,2473402,488111,True,False,3977.958,1.783,5.428,9.885,69.037,3973132.773,472160,1974035,320105993
glibc,concurrent-radix-tree-compressed,16,2,989,323666323,61595481,2473402,470702,True,False,4165.054,1.742,5.398,9.845,64.69,4157717.49,472160,1974035,320105993
glibc,concurrent-radix-tree-compressed,16,3,989,323666323,61517566,2473402,470107,True,False,4171.239,1.822,5.588,10.175,70.156,4158057.033,472160,1974035,320105993
glibc,feb-concurrent-radix-tree,64,1,153000,2092196,2092191,15988,15988,True,True,0.0,11.718,769.851,1345.81,1668.777,2049.332,472160,1974035,320105993
glibc,feb-concurrent-radix-tree,64,2,153000,2092196,2092191,15988,15988,True,True,0.0,11.918,776.003,1370.522,1700.88,2055.007,472160,1974035,320105993
glibc,feb-concurrent-radix-tree,64,3,153000,2092196,2092191,15988,15988,True,True,0.0,11.868,774.709,1380.944,1689.674,2054.811,472160,1974035,320105993
glibc,feb-concurrent-radix-tree,64,1,15468,20694724,20678635,158146,158023,True,True,0.0,365.873,5461.586,11647.064,21779.235,4077.386,472160,1974035,320105993
glibc,feb-concurrent-radix-tree,64,2,15468,20694724,20681915,158146,158048,True,True,0.0,373.193,5454.529,10493.27,20335.411,3907.522,472160,1974035,320105993
glibc,feb-concurrent-radix-tree,64,3,15468,20694724,20688782,158146,158100,True,True,0.0,363.779,4714.779,9580.055,17094.651,3646.115,472160,1974035,320105993
glibc,feb-concurrent-radix-tree,64,1,1564,204671351,153353707,1564063,1171903,True,False,466.23,38.228,10246.58,20514.924,1875776.335,159582.469,472160,1974035,320105993
glibc,feb-concurrent-radix-tree,64,2,1564,204671351,150855420,1564063,1152811,True,False,504.724,30.536,10129.585,21046.487,1912389.679,152036.917,472160,1974035,320105993
glibc,feb-concurrent-radix-tree,64,3,1564,204671351,137903389,1564063,1053834,True,False,684.724,56.095,10066.304,20304.409,2041902.858,175604.425,472160,1974035,320105993
glibc,feb-concurrent-radix-tree,64,1,24461,13086382,13086173,100004,100002,True,True,0.0,177.167,3351.76,7062.773,8521.196,2794.258,472160,1974035,320105993
glibc,feb-concurrent-radix-tree,64,2,24461,13086382,13085868,100004,100000,True,True,0.0,177.629,3438.184,7299.325,8739.57,2775.883,472160,1974035,320105993
glibc,feb-concurrent-radix-tree,64,3,24461,13086382,13085995,100004,100001,True,True,0.0,176.927,3244.809,7187.662,8486.929,2735.47,472160,1974035,320105993
glibc,feb-concurrent-radix-tree,64,1,2473,129440353,106730042,989161,815613,True,False,473.953,55.153,10259.68,18785.202,2613750.845,29257.342,472160,1974035,320105993
glibc,feb-concurrent-radix-tree,64,2,2473,129440353,106290531,989161,812254,True,False,483.907,54.362,10386.007,18251.657,2670263.024,17531.339,472160,1974035,320105993
glibc,feb-concurrent-radix-tree,64,3,2473,129440353,113042582,989161,863852,True,False,305.988,32.559,10184.785,19355.157,2538370.335,17473.603,472160,1974035,320105993
glibc,feb-concurrent-radix-tree,64,1,250,1280423972,155368282,9784780,1187298,True,False,1764.034,59.049,11953.975,18537.095,1917927.333,1235894.519,472160,1974035,320105993
glibc,feb-concurrent-radix-tree,64,2,250,1280423972,152786738,9784780,1167570,True,False,1799.473,65.85,11821.93,18176.674,1920695.378,1242488.935,472160,1974035,320105993
glibc,feb-concurrent-radix-tree,64,3,250,1280423972,167124521,9784780,1277137,True,False,1621.288,35.854,11705.547,20068.994,1752999.347,1241101.461,472160,1974035,320105993
glibc,feb-concurrent-radix-tree,64,1,38684,8274894,8274818,63235,63235,True,True,0.0,66.941,1518.352,4254.854,4014.787,2261.915,472160,1974035,320105993
glibc,feb-concurrent-radix-tree,64,2,38684,8274894,8274815,63235,63235,True,True,0.0,66.079,1598.414,5293.686,4367.205,2314.617,472160,1974035,320105993
glibc,feb-concurrent-radix-tree,64,3,38684,8274894,8274819,63235,63235,True,True,0.0,66.59,1562.199,4827.578,4253.87,2336.508,472160,1974035,320105993
glibc,feb-concurrent-radix-tree,64,1,3911,81847608,75986008,625465,580672,True,True,249.738,35.774,8227.642,14627.624,3574468.782,9469.397,472160,1974035,320105993
glibc,feb-concurrent-radix-tree,64,2,3911,81847608,73670063,625465,562974,True,False,383.175,60.811,8303.912,13444.757,3622963.901,7919.142,472160,1974035,320105993
glibc,feb-concurrent-radix-tree,64,3,3911,81847608,73920979,625465,564891,True,False,367.507,64.547,7851.775,15411.24,3590484.772,8979.278,472160,1974035,320105993
glibc,feb-concurrent-radix-tree,64,1,395,810394919,150356697,6192899,1149000,True,False,1689.419,58.118,12091.487,19578.988,1961992.201,1142235.459,472160,1974035,320105993
glibc,feb-concurrent-radix-tree,64,2,395,810394919,151768194,6192899,1159786,True,False,1669.308,60.251,11729.478,18811.887,1909609.372,1084103.302,472160,1974035,320105993
glibc,feb-concurrent-radix-tree,64,3,395,810394919,150195294,6192899,1147767,True,False,1692.92,55.904,11705.658,21013.373,1939792.962,1135606.413,472160,1974035,320105993
glibc,feb-concurrent-radix-tree,64,1,61176,5232542,5232511,39986,39986,True,True,0.0,20.08,1100.381,1907.179,2574.598,2100.05,472160,1974035,320105993
glibc,feb-concurrent-radix-tree,64,2,61176,5232542,5232510,39986,39986,True,True,0.0,20.141,1104.568,1936.606,2582.896,2108.916,472160,1974035,320105993
glibc,feb-concurrent-radix-tree,64,3,61176,5232542,5232510,39986,39986,True,True,0.0,21.392,1097.658,1940.139,2571.206,2099.51,472160,1974035,320105993
glibc,feb-concurrent-radix-tree,64,1,6185,51755213,49549298,395504,378647,True,True,222.486,223.237,8298.86,13005.436,4588481.131,6461.435,472160,1974035,320105993
glibc,feb-concurrent-radix-tree,64,2,6185,51755213,49376847,395504,377329,True,True,247.726,138.55,8592.659,14067.438,4600575.373,6792.991,472160,1974035,320105993
glibc,feb-concurrent-radix-tree,64,3,6185,51755213,49599665,395504,379032,True,True,217.785,240.503,8185.88,12590.02,4576477.457,6514.586,472160,1974035,320105993
glibc,feb-concurrent-radix-tree,64,1,625,512169589,165971976,3913912,1268329,True,False,1257.122,42.725,12202.28,20519.568,1770130.086,897256.28,472160,1974035,320105993
glibc,feb-concurrent-radix-tree,64,2,625,512169589,150561740,3913912,1150567,True,False,1455.387,66.951,12050.338,21744.513,1864715.559,900233.119,472160,1974035,320105993
glibc,feb-concurrent-radix-tree,64,3,625,512169589,151452220,3913912,1157372,True,False,1442.3,77.547,11840.673,19647.591,1850345.522,905119.593,472160,1974035,320105993
glibc,feb-concurrent-radix-tree,64,1,96747,3308692,3308678,25284,25284,True,True,0.0,14.472,915.071,1587.746,2059.688,2071.356,472160,1974035,320105993
glibc,feb-concurrent-radix-tree,64,2,96747,3308692,3308680,25284,25284,True,True,0.0,14.412,917.156,1578.655,2070.498,2068.836,472160,1974035,320105993
glibc,feb-concurrent-radix-tree,64,3,96747,3308692,3308679,25284,25284,True,True,0.0,14.172,921.711,1584.723,2070.838,2072.188,472160,1974035,320105993
glibc,feb-concurrent-radix-tree,64,1,9781,32727328,32444861,250097,247938,True,True,33.251,726.356,7700.887,11070.614,2035667.687,5585.122,472160,1974035,320105993
glibc,feb-concurrent-radix-tree,64,2,9781,32727328,32455855,250097,248022,True,True,30.993,766.107,7560.13,11175.16,2272218.338,5714.061,472160,1974035,320105993
glibc,feb-concurrent-radix-tree,64,3,9781,32727328,32467436,250097,248111,True,True,27.327,736.812,8014.902,11523.589,2258605.457,5913.739,472160,1974035,320105993
glibc,feb-concurrent-radix-tree,64,1,989,323666323,166691980,2473402,1273831,True,False,879.676,40.161,12139.41,20874.305,1746985.817,567452.837,472160,1974035,320105993
glibc,feb-concurrent-radix-tree,64,2,989,323666323,165829983,2473402,1267244,True,False,895.862,35.343,11961.4,20754.194,1724877.726,572821.173,472160,1974035,320105993
glibc,feb-concurrent-radix-tree,64,3,989,323666323,151476238,2473402,1157555,True,False,1073.733,58.508,11529.544,19528.463,1862049.444,515002.301,472160,1974035,320105993
glibc,smg-positional,64,1,153000,2092196,2092190,15988,15988,True,True,0.0,7.701,29.334,39.941,120.077,2738.051,472160,1974035,320105993
glibc,smg-positional,64,2,153000,2092196,2092190,15988,15988,True,True,0.0,7.511,27.672,38.287,114.857,2762.034,472160,1974035,320105993
glibc,smg-positional,64,3,153000,2092196,2092189,15988,15988,True,True,0.0,7.772,29.725,40.992,120.136,2766.816,472160,1974035,320105993
glibc,smg-positional,64,1,15468,20694724,20691217,158146,158119,True,True,0.0,6.84,25.218,56.815,124.827,3142.765,472160,1974035,320105993
glibc,smg-positional,64,2,15468,20694724,20691126,158146,158118,True,True,0.0,7.041,25.508,55.745,117.492,3145.471,472160,1974035,320105993
glibc,smg-positional,64,3,15468,20694724,20691138,158146,158118,True,True,0.0,6.721,24.497,55.564,121.194,3131.778,472160,1974035,320105993
glibc,smg-positional,64,1,1564,204671351,195031967,1564063,1490401,True,True,27.85,9.484,54.001,148.704,266.347,49307.254,472160,1974035,320105993
glibc,smg-positional,64,2,1564,204671351,194853560,1564063,1489037,True,True,29.09,9.505,55.935,144.869,283.799,51836.011,472160,1974035,320105993
glibc,smg-positional,64,3,1564,204671351,194928904,1564063,1489613,True,True,28.71,9.455,54.572,149.386,282.6,49792.576,472160,1974035,320105993
glibc,smg-positional,64,1,24461,13086382,13086152,100004,100002,True,True,0.0,6.65,23.916,51.027,106.725,2955.032,472160,1974035,320105993
glibc,smg-positional,64,2,24461,13086382,13086175,100004,100002,True,True,0.0,6.69,24.096,49.765,103.97,2950.086,472160,1974035,320105993
glibc,smg-positional,64,3,24461,13086382,13086160,100004,100002,True,True,0.0,7.001,25.148,50.045,111.47,2961.872,472160,1974035,320105993
glibc,smg-positional,64,1,2473,129440353,128868830,989161,984793,True,True,0.0,8.412,44.447,111.989,222.956,10950.002,472160,1974035,320105993
glibc,smg-positional,64,2,2473,129440353,128845114,989161,984612,True,True,0.0,8.482,43.766,105.57,221.727,10818.18,472160,1974035,320105993
glibc,smg-positional,64,3,2473,129440353,128871223,989161,984812,True,True,0.0,8.463,43.897,113.762,224.317,10948.82,472160,1974035,320105993
glibc,smg-positional,64,1,250,1280423972,199267268,9784780,1522766,True,False,1314.408,8.733,213.172,421.037,2203.995,1296653.285,472160,1974035,320105993
glibc,smg-positional,64,2,250,1280423972,201469832,9784780,1539598,True,False,1295.444,8.974,229.446,428.356,1865.279,1278019.877,472160,1974035,320105993
glibc,smg-positional,64,3,250,1280423972,193003147,9784780,1474897,True,False,1361.681,8.803,226.362,446.635,2773.144,1344591.884,472160,1974035,320105993
glibc,smg-positional,64,1,38684,8274894,8274798,63235,63235,True,True,0.0,7.051,25.358,43.516,102.492,2849.182,472160,1974035,320105993
glibc,smg-positional,64,2,38684,8274894,8274805,63235,63235,True,True,0.0,6.63,22.805,37.997,92.825,2826.72,472160,1974035,320105993
glibc,smg-positional,64,3,38684,8274894,8274803,63235,63235,True,True,0.0,7.081,26.25,45.078,106.625,2822.111,472160,1974035,320105993
glibc,smg-positional,64,1,3911,81847608,81679678,625465,624182,True,True,0.0,7.822,35.753,77.196,194.589,6028.642,472160,1974035,320105993
glibc,smg-positional,64,2,3911,81847608,81683042,625465,624208,True,True,0.0,7.822,35.564,80.972,200.047,5992.001,472160,1974035,320105993
glibc,smg-positional,64,3,3911,81847608,81679888,625465,624184,True,True,0.0,7.832,36.145,79.67,197.531,6050.906,472160,1974035,320105993
glibc,smg-positional,64,1,395,810394919,203009822,6192899,1551366,True,False,1135.082,8.673,135.865,280.154,466.437,1125179.184,472160,1974035,320105993
glibc,smg-positional,64,2,395,810394919,199069638,6192899,1521256,True,False,1167.153,8.733,193.522,384.48,807.554,1155896.64,472160,1974035,320105993
glibc,smg-positional,64,3,395,810394919,203218568,6192899,1552961,True,False,1136.695,8.733,138.279,289.417,473.814,1115775.241,472160,1974035,320105993
glibc,smg-positional,64,1,61176,5232542,5232503,39986,39986,True,True,0.0,7.011,24.727,35.423,99.498,2749.141,472160,1974035,320105993
glibc,smg-positional,64,2,61176,5232542,5232503,39986,39986,True,True,0.0,6.901,24.267,34.722,97.733,2762.994,472160,1974035,320105993
glibc,smg-positional,64,3,61176,5232542,5232504,39986,39986,True,True,0.0,7.121,26.31,37.767,106.18,2770.122,472160,1974035,320105993
glibc,smg-positional,64,1,6185,51755213,51699870,395504,395082,True,True,0.0,7.451,30.276,68.484,174.387,4325.671,472160,1974035,320105993
glibc,smg-positional,64,2,6185,51755213,51699634,395504,395080,True,True,0.0,7.532,30.767,68.083,174.825,4335.849,472160,1974035,320105993
glibc,smg-positional,64,3,6185,51755213,51698503,395504,395071,True,True,0.0,7.421,30.376,68.534,170.964,4312.832,472160,1974035,320105993
glibc,smg-positional,64,1,625,512169589,205948251,3913912,1573821,True,False,886.482,8.713,85.64,207.404,347.815,882959.51,472160,1974035,320105993
glibc,smg-positional,64,2,625,512169589,205210774,3913912,1568185,True,False,891.833,8.543,81.683,210.037,345.369,882464.699,472160,1974035,320105993
glibc,smg-positional,64,3,625,512169589,205951047,3913912,1573843,True,False,885.272,8.743,84.388,209.276,344.904,874834.466,472160,1974035,320105993
glibc,smg-positional,64,1,96747,3308692,3308676,25284,25284,True,True,0.0,7.12,26.17,36.485,104.29,2743.741,472160,1974035,320105993
glibc,smg-positional,64,2,96747,3308692,3308676,25284,25284,True,True,0.0,7.371,26.75,36.885,107.238,2751.767,472160,1974035,320105993
glibc,smg-positional,64,3,96747,3308692,3308676,25284,25284,True,True,0.0,7.16,25.818,35.754,103.794,2741.959,472160,1974035,320105993
glibc,smg-positional,64,1,9781,32727328,32709554,250097,249961,True,True,0.0,7.191,27.081,61.232,139.095,3528.648,472160,1974035,320105993
glibc,smg-positional,64,2,9781,32727328,32710148,250097,249965,True,True,0.0,7.2,27.612,65.068,146.773,3529.561,472160,1974035,320105993
glibc,smg-positional,64,3,9781,32727328,32710561,250097,249968,True,True,0.0,7.06,26.891,62.624,149.734,3514.837,472160,1974035,320105993
glibc,smg-positional,64,1,989,323666323,205491678,2473402,1570332,True,False,523.023,8.813,64.187,164.359,309.006,528963.668,472160,1974035,320105993
glibc,smg-positional,64,2,989,323666323,203830161,2473402,1557635,True,False,535.058,8.873,63.967,164.528,305.079,542676.621,472160,1974035,320105993
glibc,smg-positional,64,3,989,323666323,205841980,2473402,1573009,True,False,520.733,8.834,65.9,178.76,320.625,527186.764,472160,1974035,320105993
