mode,metric,median,min,max,percent_vs_tcp,percent_vs_quic
tcp,requests_per_second,2475.601619437689,2435.0902077475757,2493.083067395088,0.0,-45.966645300996824
tcp,output_tokens_per_second,2338099.8178423275,2301804.0667043994,2360431.8719021785,0.0,-44.85301971471826
tcp,frontend_cpu_ms_per_request,40.820626917322194,40.5804759787611,41.50160904535051,0.0,50.992120271357265
tcp,frontend_cpu_us_per_output_token,43.161319391759065,42.980241796587244,43.90476290051646,0.0,47.60413214219255
tcp,frontend_mean_cores,100.98880642986379,100.7363456327888,101.62912688031928,0.0,-18.920228531374626
tcp,frontend_system_cores,53.24038507759515,52.70283496265867,53.584153560124335,0.0,45.821477933165575
tcp,frontend_ucx_progress_cores,0.0,0.0,0.0,,
tcp,host_system_cores,22.901789863010052,22.64033562503152,23.226772492035156,0.0,9.829082420447289
tcp,host_softirq_cores,34.03518202878176,33.46050817985597,34.62399858126421,0.0,97.8980708501386
tcp,ethernet_rx_host_packets_per_second,3608499.89770092,3562502.438599275,3653151.1561267166,0.0,20.812034379110813
tcp,ethernet_tx_host_packets_per_second,2105915.0959073016,2090572.8464244464,2155383.6930924947,0.0,-14.818499419492714
tcp,time_to_first_token_p50_ms,1546.3452122499998,1533.3912639999999,1580.796193,0.0,1609.9434253400598
tcp,time_to_first_token_p95_ms,2453.4918213499946,2408.9797387999993,2549.0506184999995,0.0,173.06827324763958
tcp,time_to_first_token_p99_ms,5380.3503796599625,5269.274180239999,5458.57813147,0.0,451.455297595342
tcp,inter_token_latency_p50_ms,0.11249378522315132,0.1120285231717687,0.12125250233644859,0.0,-82.65235576588151
tcp,inter_token_latency_p95_ms,1.1135886072468968,1.0973031988598678,1.1215436781774284,0.0,-44.34563030826369
tcp,inter_token_latency_p99_ms,1.7477987902686636,1.7438210342435976,1.7490013950104095,0.0,-37.66623244458608
tcp,request_latency_p50_ms,1635.9381777499998,1625.191347,1683.4926659999999,0.0,98.39806376619154
tcp,request_latency_p95_ms,5373.005197224988,5312.8376238,5426.098794199993,0.0,13.255600446408454
tcp,request_latency_p99_ms,11551.07926909,11353.585257719988,11681.704781939998,0.0,-1.0942747577177059
tcp,ethernet_rx_wire_packets_per_second,3608402.8713102466,3562564.413791194,3652902.240009727,0.0,20.81268721364491
tcp,ethernet_rx_wire_packets_per_request,1461.3586942291809,1455.4779570085893,1465.2148128487681,0.0,124.71099694860759
tcp,ethernet_rx_wire_packets_per_output_token,1.5463138591096226,1.541549058088249,1.547727048241723,0.0,119.75544399338092
tcp,rdma_rx_wire_packets_per_second,0.9414700803284115,0.5980849727574561,1.2712837382046105,0.0,21.32670767080409
tcp,rdma_rx_wire_packets_per_request,0.00037845264917504026,0.00024225552474572021,0.0005220684367913131,0.0,122.85136369063872
tcp,rdma_rx_wire_packets_per_output_token,4.0028216231907227e-07,2.56422835243505e-07,5.522988496691496e-07,0.0,117.51449147163409
tcp,total_rx_wire_packets_per_second,3608403.6445786133,3562565.6850749324,3652903.1744981264,0.0,20.812688485859134
tcp,total_rx_wire_packets_per_request,1461.3590763911616,1455.4783390814514,1465.2151876812043,0.0,124.71099708614149
tcp,total_rx_wire_packets_per_output_token,1.5463141852696465,1.5415494627553605,1.5477276005405725,0.0,119.75543293768087
tcp,ethernet_tx_wire_packets_per_second,2105867.4031838938,2090648.976801204,2155249.0024302322,0.0,-14.818326684543448
tcp,ethernet_tx_wire_packets_per_request,857.6269012115388,844.6277021551939,864.4914526182058,0.0,59.15420927019226
tcp,ethernet_tx_wire_packets_per_output_token,0.9075344886674682,0.8945755807725349,0.9130740133132512,0.0,55.70669527374805
tcp,rdma_tx_wire_packets_per_second,0.9356118928582139,0.5980849727574561,0.9409576155760184,0.0,20.104033929079623
tcp,rdma_tx_wire_packets_per_request,0.0003769431841161452,0.00024225552474572021,0.00038468200605675694,0.0,121.11201928477855
tcp,rdma_tx_wire_packets_per_output_token,3.9868343357944966e-07,2.56422835243505e-07,4.069570471246366e-07,0.0,116.06077370471893
tcp,total_tx_wire_packets_per_second,2105868.172705188,2090649.91353659,2155249.9369186317,0.0,-14.818316631645345
tcp,total_tx_wire_packets_per_request,857.6272146803042,844.628081209126,864.491827450642,0.0,59.154217091967354
tcp,total_tx_wire_packets_per_output_token,0.9075348203574094,0.8945759822421889,0.9130744092104643,0.0,55.706702887061454
tcp,total_wire_packets_per_second,5714271.817283802,5653215.5986115225,5808153.111416758,0.0,4.676487904648918
tcp,total_wire_packets_per_request,2318.9862910714655,2300.1064202905773,2329.707015131846,0.0,94.96595223078191
tcp,total_wire_packets_per_output_token,2.4539342406311486,2.4361254449975496,2.4606315397428515,0.0,90.74480446358402
tcp,ethernet_mean_rx_wire_bytes,437.72411088784156,436.9672102426732,438.31575970390804,0.0,-51.229026895929366
tcp,ethernet_rx_256_to_511_bytes_phy_percent,12.48893762671511,12.46061343972043,12.617691741908631,0.0,-49.30607959668909
tcp,ethernet_rx_8192_to_10239_bytes_phy_percent,0.0,0.0,0.0,,
tcp,ethernet_rx_65_to_127_bytes_phy_percent,14.030076063586783,13.86661894026586,14.174781598333382,0.0,-32.81656786291926
tcp,ethernet_rx_2048_to_4095_bytes_phy_percent,0.0,0.0,0.0,,
tcp,ethernet_rx_64_bytes_phy_percent,1.6406370290453246e-05,1.4618331840139988e-05,1.75664965180426e-05,0.0,-10.981385386542664
tcp,ethernet_rx_4096_to_8191_bytes_phy_percent,0.0,0.0,0.0,,
tcp,ethernet_rx_512_to_1023_bytes_phy_percent,0.9278930613322203,0.909210662911623,0.9424357811298693,0.0,-66.61056874671627
tcp,ethernet_rx_128_to_255_bytes_phy_percent,56.011776357891385,55.926108454516275,56.216093513297615,0.0,51883.394621836036
tcp,ethernet_rx_1519_to_2047_bytes_phy_percent,0.0,0.0,0.0,,
tcp,ethernet_rx_1024_to_1518_bytes_phy_percent,16.494893723578507,16.445752441304673,16.532777427859344,0.0,-68.0294284265874
tcp,rx_discards_phy_per_second,0.0,0.0,0.0,,
tcp,tx_discards_phy_per_second,0.0,0.0,0.0,,
tcp,rx_out_of_buffer_per_second,0.2044193374280149,0.0,0.7350812095412453,0.0,389.0012065979814
tcp,RetransSegs_per_second,437.06057330000726,409.52169667460197,455.68685481989536,0.0,-90.08173702115285
tcp,rdma_port_rcv_errors_per_second,0.0,0.0,0.0,,
tcp,rdma_port_xmit_discards_per_second,0.0,0.0,0.0,,
tcp,rdma_out_of_buffer_per_second,0.0,0.0,0.0,,
tcp,rdma_packet_seq_err_per_second,0.0,0.0,0.0,,
tcp,rdma_local_ack_timeout_err_per_second,0.0,0.0,0.0,,
tcp,rdma_req_transport_retries_exceeded_per_second,0.0,0.0,0.0,,
tcp,frontend_mean_rss_gib,42.733549228101886,42.532660989200366,43.70709991455078,0.0,-7.045825564057784
tcp,client_mean_cores,81.35560827283356,79.97212287952581,82.92808855412194,0.0,-37.31589693849726
quic,requests_per_second,4581.617471704675,4532.697962935617,4684.632243499535,85.0708706817436,0.0
quic,output_tokens_per_second,4239760.374452174,4176272.7763453755,4326433.659183878,81.33359158142181,0.0
quic,frontend_cpu_ms_per_request,27.034938541137727,26.87245199739981,27.346047336095396,-33.771378386975535,0.0
quic,frontend_cpu_us_per_output_token,29.241267683603983,29.097303924142363,29.62828802196319,-32.25121915715321,0.0
quic,frontend_mean_cores,124.55487305972787,122.5698500627113,125.88755508891266,23.33532543156711,0.0
quic,frontend_system_cores,36.51066072859091,35.59805323048018,37.012095351739376,-31.422996517815406,0.0
quic,frontend_ucx_progress_cores,0.0,0.0,0.0,,
quic,host_system_cores,20.852209049090934,20.470112166910276,21.65219780614247,-8.949435071140488,0.0
quic,host_softirq_cores,17.198339469693686,16.388372727612538,17.662541992067993,-49.468936422464395,0.0
quic,ethernet_rx_host_packets_per_second,2986871.2303754175,2941824.5218609623,3032179.889875046,-17.226789107616714,0.0
quic,ethernet_tx_host_packets_per_second,2472268.1351650357,2450960.256027847,2489686.287314538,17.396382217389284,0.0
quic,time_to_first_token_p50_ms,90.4325365,83.605338,92.118478,-94.15185330005215,0.0
quic,time_to_first_token_p95_ms,898.4902538,826.6366072999999,953.2231201999998,-63.379121708030794,0.0
quic,time_to_first_token_p99_ms,975.6639211050003,910.29126014,1031.5143010000006,-81.8661638693006,0.0
quic,inter_token_latency_p50_ms,0.6484672137897782,0.6404397713494647,0.6519863791918539,476.44714550535286,0.0
quic,inter_token_latency_p95_ms,2.0009005823171595,1.9085055604377097,2.136063598227929,79.68041063781595,0.0
quic,inter_token_latency_p99_ms,2.803935745925983,2.6978872929017004,2.943258857287667,60.42668993351201,0.0
quic,request_latency_p50_ms,824.5736609999999,760.8134705,870.182998,-49.596282291419854,0.0
quic,request_latency_p95_ms,4744.140842524998,4559.415778850001,4893.7196835999985,-11.70414566181288,0.0
quic,request_latency_p99_ms,11678.878286160023,11101.479298240005,12187.724852320007,1.1063816124265102,0.0
quic,ethernet_rx_wire_packets_per_second,2986774.77881868,2941685.1853222335,3032015.771051094,-17.227236388542376,0.0
quic,ethernet_rx_wire_packets_per_request,650.3280720895916,647.2259962899677,652.1393347169401,-55.49839511287005,0.0
quic,ethernet_rx_wire_packets_per_output_token,0.7036521284797831,0.7008118024911635,0.7060504816156086,-54.49487021444983,0.0
quic,rdma_rx_wire_packets_per_second,0.7759792533750306,0.6019695696545478,1.5257975122102454,-17.577916750753563,0.0
quic,rdma_rx_wire_packets_per_request,0.0001698229002988766,0.00013268173083965892,0.0003257027303108935,-55.1270414755821,0.0
quic,rdma_rx_wire_packets_per_output_token,1.8402551462704395e-07,1.4334334850425616e-07,3.526686486851311e-07,-54.026051632959394,0.0
quic,total_rx_wire_packets_per_second,2986775.387422133,2941686.1220434047,3032017.296848606,-17.227237260178352,0.0
quic,total_rx_wire_packets_per_request,650.3282417597743,647.2263219926981,652.1394677041062,-55.49839514010716,0.0
quic,total_rx_wire_packets_per_output_token,0.7036523122994445,0.7008121551598122,0.7060506253706635,-54.4948679251273,0.0
quic,ethernet_tx_wire_packets_per_second,2472207.1323782927,2450860.394631563,2489604.2720985436,17.396144156109926,0.0
quic,ethernet_tx_wire_packets_per_request,538.8653590402791,531.4407071234151,542.2119285392446,-37.16785722567199,0.0
quic,ethernet_tx_wire_packets_per_output_token,0.5828487253370391,0.5754402975332281,0.5874637380042901,-35.7766858874052,0.0
quic,rdma_tx_wire_packets_per_second,0.7790012227321894,0.6019695696545478,1.2915151229479167,-16.738849871562913,0.0
quic,rdma_tx_wire_packets_per_request,0.00017047611673731125,0.00013268173083965892,0.0002756918912343743,-54.774055104075444,0.0
quic,rdma_tx_wire_packets_per_output_token,1.8452374614020097e-07,1.4375505491724628e-07,2.985172603320452e-07,-53.71672595384401,0.0
quic,total_tx_wire_packets_per_second,2472207.7440037145,2450861.3313527345,2489605.5636136667,17.396130301353494,0.0
quic,total_tx_wire_packets_per_request,538.8655295163959,531.4409828153064,542.2120612209754,-37.167860313613346,0.0
quic,total_tx_wire_packets_per_output_token,0.5828489098607852,0.5754405960504885,0.587463881759345,-35.77668902761825,0.0
quic,total_wire_packets_per_second,5458983.131425847,5392547.45339614,5521622.860462273,-4.4675628675169055,0.0
quic,total_wire_packets_per_request,1189.4314184286254,1178.6673048080045,1193.8762346201706,-48.708993105816944,0.0
quic,total_wire_packets_per_output_token,1.2865012221602297,1.2762527512103006,1.2935145071300087,-47.57393246897508,0.0
quic,ethernet_mean_rx_wire_bytes,897.5094877721585,892.024041062425,906.6809553167924,105.03999333089702,0.0
quic,ethernet_rx_512_to_1023_bytes_phy_percent,2.7790022965454533,2.63602278154664,2.9367428647041325,199.49596697657245,0.0
quic,ethernet_rx_1519_to_2047_bytes_phy_percent,0.0,0.0,0.0,,
quic,ethernet_rx_8192_to_10239_bytes_phy_percent,0.0,0.0,0.0,,
quic,ethernet_rx_128_to_255_bytes_phy_percent,0.10774936259042076,0.10433197856033467,0.11083843659133846,-99.8076308776534,0.0
quic,ethernet_rx_2048_to_4095_bytes_phy_percent,0.0,0.0,0.0,,
quic,ethernet_rx_256_to_511_bytes_phy_percent,24.63596724687214,23.926549159303928,25.64547727659793,97.2623131224012,0.0
quic,ethernet_rx_65_to_127_bytes_phy_percent,20.883238050357242,19.53299125498848,21.726992877532812,48.84622118733155,0.0
quic,ethernet_rx_1024_to_1518_bytes_phy_percent,51.59399069767025,51.299230944133605,52.08133355810236,212.78765151375057,0.0
quic,ethernet_rx_4096_to_8191_bytes_phy_percent,0.0,0.0,0.0,,
quic,ethernet_rx_64_bytes_phy_percent,1.8430269176502127e-05,1.770844831847664e-05,1.9637111675567904e-05,12.336055143327918,0.0
quic,rx_discards_phy_per_second,0.0,0.0,0.0,,
quic,tx_discards_phy_per_second,0.0,0.0,0.0,,
quic,rx_out_of_buffer_per_second,0.041803442337121376,0.0,0.19288862225845507,-79.55015270908888,0.0
quic,RetransSegs_per_second,4406.624166269169,4151.0550700035,4668.155001863637,908.2410621020197,0.0
quic,rdma_port_rcv_errors_per_second,0.0,0.0,0.0,,
quic,rdma_port_xmit_discards_per_second,0.0,0.0,0.0,,
quic,rdma_out_of_buffer_per_second,0.0,0.0,0.0,,
quic,rdma_packet_seq_err_per_second,0.0,0.0,0.0,,
quic,rdma_local_ack_timeout_err_per_second,0.0,0.0,0.0,,
quic,rdma_req_transport_retries_exceeded_per_second,0.0,0.0,0.0,,
quic,frontend_mean_rss_gib,45.9727058923545,42.971965373063284,49.77067209879557,7.57989149687226,0.0
quic,client_mean_cores,129.78666727194167,128.69144177517563,130.10169732229363,59.530080380801856,0.0
velo-tcp,requests_per_second,4241.239912788855,4233.877094148963,4280.522684560378,71.32158419544963,-7.42920073572132
velo-tcp,output_tokens_per_second,3893506.739997229,3879799.368757777,3901900.5163792656,66.52440200736511,-8.166820854815048
velo-tcp,frontend_cpu_ms_per_request,32.009608941709274,31.922630367560863,32.22439386731897,-21.584719885509585,18.400894061593064
velo-tcp,frontend_cpu_us_per_output_token,35.019787984986124,34.70723733569235,35.17603828163144,-18.863027176892633,19.76152458199425
velo-tcp,frontend_mean_cores,136.25674520932267,135.21596196946956,136.87392021039838,34.92262165109585,9.394953294186582
velo-tcp,frontend_system_cores,38.88799028137515,38.370234513197445,39.704046459635144,-26.957721615465612,6.511329856385184
velo-tcp,frontend_ucx_progress_cores,0.0,0.0,0.0,,
velo-tcp,host_system_cores,22.49032554629525,22.474496768329725,22.642317848868547,-1.7966469833843868,7.855841524261575
velo-tcp,host_softirq_cores,18.02385507715988,17.348401475653464,18.864697500998165,-47.043459142019415,4.79997274690902
velo-tcp,ethernet_rx_host_packets_per_second,3215040.0290120896,3195178.144386102,3239780.880194615,-10.903696268344499,7.6390570948046355
velo-tcp,ethernet_tx_host_packets_per_second,2513481.4798533395,2499771.4493995775,2536929.0558292633,19.353410056184828,1.6670256798643202
velo-tcp,time_to_first_token_p50_ms,74.0322145,72.06001799999999,76.415618,-95.21243937553375,-18.135421867769907
velo-tcp,time_to_first_token_p95_ms,1298.0115076249997,1273.8222226999999,1312.7695179999998,-47.09533994245027,44.465841686684705
velo-tcp,time_to_first_token_p99_ms,1420.229501545,1408.2993325699995,1438.4487038799998,-73.60340124104039,45.56544224126904
velo-tcp,inter_token_latency_p50_ms,0.6243787425270253,0.6225795789473684,0.6264361971830986,455.03398813406415,-3.714678360063084
velo-tcp,inter_token_latency_p95_ms,2.0099368754577305,1.9914651899860374,2.0275522088596296,80.49186767695637,0.4516113004528366
velo-tcp,inter_token_latency_p99_ms,2.7620022407958853,2.7470287873893016,2.7926151469810456,58.02747182193227,-1.495523040819513
velo-tcp,request_latency_p50_ms,1160.5813034999999,1149.0523245,1174.4998405,-29.05714168880059,40.74925726981231
velo-tcp,request_latency_p95_ms,4830.071200124998,4812.178910449999,4880.948091299995,-10.104847793194038,1.8112944040308943
velo-tcp,request_latency_p99_ms,11788.451496434933,11733.351956420027,11911.486473059998,2.0549787757073723,0.9382169039706456
velo-tcp,ethernet_rx_wire_packets_per_second,3215015.852592906,3194990.9707331536,3239829.5231618737,-10.90197056002502,7.641723620838237
velo-tcp,ethernet_rx_wire_packets_per_request,756.9387574737455,754.6253468596183,759.0762069351166,-48.20308248324988,16.393369740537157
velo-tcp,ethernet_rx_wire_packets_per_output_token,0.8257382113246952,0.8234938632293547,0.8303208935137704,-46.59957249557599,17.350346556710484
velo-tcp,rdma_rx_wire_packets_per_second,0.9455569757754149,0.6003752335667084,1.090618144470788,0.43409722012384133,21.853383536070826
velo-tcp,rdma_rx_wire_packets_per_request,0.00022330295698729958,0.0001413470730209089,0.0002547862083302562,-40.99580027407379,31.49166372397467
velo-tcp,rdma_rx_wire_packets_per_output_token,2.432117693188635e-07,1.542939821320435e-07,2.795094697808487e-07,-39.23991818426449,32.161982979245906
velo-tcp,total_rx_wire_packets_per_second,3215016.623169468,3194991.9210692155,3239830.6137800184,-10.901968298368825,7.641727486723693
velo-tcp,total_rx_wire_packets_per_request,756.9389555403861,754.6255713196206,759.0764290810283,-48.20308247513998,16.393369829999305
velo-tcp,total_rx_wire_packets_per_output_token,0.8257384092111353,0.8234941081739954,0.8303211730232402,-46.59957096189071,17.350344023276108
velo-tcp,ethernet_tx_wire_packets_per_second,2513477.8125576493,2499642.5003348473,2536943.4267061288,19.35593897115664,1.6693860170063468
velo-tcp,ethernet_tx_wire_packets_per_request,591.531155450413,589.5776893045262,595.6874995285532,-31.026982174325667,9.773461130240735
velo-tcp,ethernet_tx_wire_packets_per_output_token,0.6459001282377108,0.6435809919144734,0.6501814733760212,-28.82913693053305,10.817798883271369
velo-tcp,rdma_tx_wire_packets_per_second,0.9366364889316271,0.6003752335667084,0.9407778895089063,0.10951080049690365,20.235560818064414
velo-tcp,rdma_tx_wire_packets_per_request,0.00022001511270558545,0.0001413470730209089,0.00022214591173333256,-41.63175725766843,29.059200148610522
velo-tcp,rdma_tx_wire_packets_per_output_token,2.407277623997455e-07,1.542939821320435e-07,2.414788980218905e-07,-39.61932146554234,30.458961209708345
velo-tcp,total_tx_wire_packets_per_second,2513478.5831342107,2499643.433998347,2536944.366315607,19.355931948266658,1.6693920335213663
velo-tcp,total_tx_wire_packets_per_request,591.5313754655258,589.5778306515992,595.6877216744649,-31.026981730514503,9.773467231499255
velo-tcp,total_tx_wire_packets_per_output_token,0.6459003693008429,0.6435811462084555,0.6501817141841798,-28.829136379971455,10.817805158993554
velo-tcp,total_wire_packets_per_second,5728495.206303678,5694635.355067562,5776774.980095625,0.24890991319062028,4.937038059823351
velo-tcp,total_wire_packets_per_request,1348.063686988155,1345.016690006733,1354.7641507554931,-41.86840637314441,13.336815061527552
velo-tcp,total_wire_packets_per_output_token,1.4712936950501971,1.4677654213060132,1.48050288720742,-40.0434750577594,14.36395626423681
velo-tcp,ethernet_mean_rx_wire_bytes,790.8626156200658,790.4727423639678,793.9915645288878,80.67604592672511,-11.88253423557859
velo-tcp,ethernet_rx_256_to_511_bytes_phy_percent,25.144600961839664,25.101141642217673,25.171930912096236,101.33498711734137,2.064598113281302
velo-tcp,ethernet_rx_2048_to_4095_bytes_phy_percent,0.0,0.0,0.0,,
velo-tcp,ethernet_rx_4096_to_8191_bytes_phy_percent,0.0,0.0,0.0,,
velo-tcp,ethernet_rx_1024_to_1518_bytes_phy_percent,42.32579750365718,42.3045852398536,42.523440121138314,156.59939501856184,-17.963706758646957
velo-tcp,ethernet_rx_8192_to_10239_bytes_phy_percent,0.0,0.0,0.0,,
velo-tcp,ethernet_rx_1519_to_2047_bytes_phy_percent,0.0,0.0,0.0,,
velo-tcp,ethernet_rx_512_to_1023_bytes_phy_percent,6.975231352798593,6.948773767472707,7.012623528951523,651.7279354135832,150.99768220664754
velo-tcp,ethernet_rx_65_to_127_bytes_phy_percent,25.005825660045872,24.73144979960739,25.063304368840754,78.2301503335766,19.741132097175452
velo-tcp,ethernet_rx_64_bytes_phy_percent,1.795893835468978e-05,1.7634660723753427e-05,1.8644026184454124e-05,9.463202626481992,-2.5573735103840756
velo-tcp,ethernet_rx_128_to_255_bytes_phy_percent,0.5601555118312264,0.5588434782760292,0.5608620232223307,-98.9999326065789,419.86897960640545
velo-tcp,rx_discards_phy_per_second,0.0,0.0,0.0,,
velo-tcp,tx_discards_phy_per_second,0.0,0.0,0.0,,
velo-tcp,rx_out_of_buffer_per_second,0.0,0.0,0.3168647066046517,-100.0,-100.0
velo-tcp,RetransSegs_per_second,855.6848782347298,762.6084756479937,861.1780560436792,95.78175898455392,-80.58185027929922
velo-tcp,rdma_port_rcv_errors_per_second,0.0,0.0,0.0,,
velo-tcp,rdma_port_xmit_discards_per_second,0.0,0.0,0.0,,
velo-tcp,rdma_out_of_buffer_per_second,0.0,0.0,0.0,,
velo-tcp,rdma_packet_seq_err_per_second,0.0,0.0,0.0,,
velo-tcp,rdma_local_ack_timeout_err_per_second,0.0,0.0,0.0,,
velo-tcp,rdma_req_transport_retries_exceeded_per_second,0.0,0.0,0.0,,
velo-tcp,frontend_mean_rss_gib,39.1930762347053,39.01182235589548,39.83573849461659,-8.284996349117534,-14.747075522427933
velo-tcp,client_mean_cores,127.5424268088122,124.48592554253413,129.6281948134095,56.77152382794173,-1.7291764326046843
velo-rdma,requests_per_second,4259.369606848579,4213.09408603168,4308.324730584498,72.05391907184394,-7.033495634374686
velo-rdma,output_tokens_per_second,3900621.1462373333,3870115.3683403484,3978944.4948762483,66.82868355196871,-7.999018771400756
velo-rdma,frontend_cpu_ms_per_request,32.03142459345847,31.821620838860568,32.5176357559093,-21.531277169420537,18.481588351746513
velo-rdma,frontend_cpu_us_per_output_token,34.94000573717484,34.53024012393818,35.39942504445403,-19.047873814890714,19.488683306183162
velo-rdma,frontend_mean_cores,136.87514608886926,135.82115070218387,137.39390884789876,35.53496761438441,9.891442001818307
velo-rdma,frontend_system_cores,37.29049872897039,36.67826972432325,38.908782418154864,-29.958247532166816,2.1359186188838253
velo-rdma,frontend_ucx_progress_cores,1.7913000679213282,1.771437360628027,1.8073701765971064,,
velo-rdma,host_system_cores,21.909292069076603,21.710646190820057,22.302423543637843,-4.333712779089316,5.069405440435837
velo-rdma,host_softirq_cores,16.84312650275784,16.331847626853655,18.876765167720475,-50.51260049523315,-2.0653910661653674
velo-rdma,ethernet_rx_host_packets_per_second,2509201.367149703,2463707.4166576224,2539243.282314724,-30.464141934758302,-15.992315248410504
velo-rdma,ethernet_tx_host_packets_per_second,2471094.976555904,2435312.2202420984,2482522.635967149,17.340674434515613,-0.047452725391916584
velo-rdma,time_to_first_token_p50_ms,79.12632875,73.8974805,85.154154,-94.883010072837,-12.502367165162953
velo-rdma,time_to_first_token_p95_ms,1296.453397675,1245.44699085,1399.50385525,-47.15884575634545,44.29242745726931
velo-rdma,time_to_first_token_p99_ms,1384.40620017,1320.49936221,1461.8780229499998,-74.26921849915853,41.893757699072594
velo-rdma,inter_token_latency_p50_ms,0.621119869150945,0.6114144176954732,0.6231278514299365,452.13705176587655,-4.217228574905063
velo-rdma,inter_token_latency_p95_ms,1.984544371548866,1.8240038548437532,2.003078523088722,78.21162668458112,-0.8174424513062051
velo-rdma,inter_token_latency_p99_ms,2.7501884653168087,2.5716486654815696,2.8091415092263894,57.35154873828825,-1.9168513646315555
velo-rdma,request_latency_p50_ms,1176.32777375,1129.6965999999998,1245.3889795,-28.094607134367912,42.6589071888873
velo-rdma,request_latency_p95_ms,4843.495490499996,4557.19564875,4866.532033149995,-9.855000828930315,2.094260083604893
velo-rdma,request_latency_p99_ms,11674.923451659997,10948.504906099994,11855.934942419988,1.07214382037355,-0.033863136536937954
velo-rdma,ethernet_rx_wire_packets_per_second,2509091.4218552546,2463594.367591402,2539153.3021986606,-30.46531910822422,-15.993283469212805
velo-rdma,ethernet_rx_wire_packets_per_request,590.6279592899245,577.1970378762632,593.93572819487,-59.583642152862296,-9.179999351380076
velo-rdma,ethernet_rx_wire_packets_per_output_token,0.6423559369726494,0.6300595664543591,0.6465717080196007,-58.458890270664575,-8.711149874521396
velo-rdma,rdma_rx_wire_packets_per_second,888139.7493374749,876274.1630092103,907240.0016094577,94335319.45673585,114453958.59430073
velo-rdma,rdma_rx_wire_packets_per_request,208.3672681728844,206.05741837215749,212.85651442730682,55057585.18917443,122696702.26057403
velo-rdma,rdma_rx_wire_packets_per_output_token,0.22660361420687639,0.22492916485149747,0.23172035889244777,56610869.84537784,123136963.17633374
velo-rdma,total_rx_wire_packets_per_second,3395620.7644133614,3343089.3441593484,3446393.303808118,-5.896870226393435,13.688521028831047
velo-rdma,total_rx_wire_packets_per_request,798.9952274628089,783.2544562484208,806.7922426221768,-45.32519485656227,22.860299792723882
velo-rdma,total_rx_wire_packets_per_output_token,0.8689595511795258,0.8549887313058565,0.8782920669120486,-43.80446357814427,23.492744355501195
velo-rdma,ethernet_tx_wire_packets_per_second,2471044.4712265213,2435247.424576144,2482457.987425917,17.34093359774269,-0.04702927746401686
velo-rdma,ethernet_tx_wire_packets_per_request,579.0164874750915,570.5556151824572,586.0273383571712,-32.48620272321966,7.4510502041403415
velo-rdma,ethernet_tx_wire_packets_per_output_token,0.6297350518485432,0.6228098897780964,0.6379624580918577,-30.61034487260287,8.044338860720934
velo-rdma,rdma_tx_wire_packets_per_second,846056.8406829985,831373.3861644836,866464.9835485276,90428083.64550366,108607796.36704615
velo-rdma,rdma_tx_wire_packets_per_request,198.54041731544834,195.5926088696883,203.10202187053312,52671078.4909933,116462206.34252521
velo-rdma,rdma_tx_wire_packets_per_output_token,0.2158384070610278,0.21365779001743493,0.22110140028481146,54137691.7620486,116970431.7477318
velo-rdma,total_tx_wire_packets_per_second,3314575.1279106727,3271673.1787383216,3348922.9709744444,57.39708548103397,34.073486985472876
velo-rdma,total_tx_wire_packets_per_request,777.3698573276781,766.5223189778687,789.1293602277043,-9.358070263960016,44.260453628445596
velo-rdma,total_tx_wire_packets_per_output_token,0.8454452072850309,0.8367241830446114,0.8590638583766691,-6.841568133763298,45.053922720206764
velo-rdma,total_wire_packets_per_second,6710195.892324034,6614762.52289767,6795316.274782563,17.428713699405908,22.92025329214342
velo-rdma,total_wire_packets_per_request,1576.3650847904871,1549.7767752262894,1595.921602849881,-32.02352722567659,32.53097743735787
velo-rdma,total_wire_packets_per_output_token,1.7144047584645568,1.691712914350468,1.7373559252887176,-30.13648328149111,33.26102835610312
velo-rdma,ethernet_mean_rx_wire_bytes,727.7498282233764,718.6399709663572,736.9744449154636,66.25765182257652,-18.9145253461518
velo-rdma,ethernet_rx_8192_to_10239_bytes_phy_percent,0.0,0.0,0.0,,
velo-rdma,ethernet_rx_512_to_1023_bytes_phy_percent,2.6905349002375605,2.4766393674920733,2.745415290727862,189.96174369216982,-3.183422929080182
velo-rdma,ethernet_rx_128_to_255_bytes_phy_percent,0.01692063084138474,0.016589458763351567,0.016981972890761893,-99.96979094050997,-84.29630539374622
velo-rdma,ethernet_rx_4096_to_8191_bytes_phy_percent,0.0,0.0,0.0,,
velo-rdma,ethernet_rx_1519_to_2047_bytes_phy_percent,0.0,0.0,0.0,,
velo-rdma,ethernet_rx_1024_to_1518_bytes_phy_percent,39.27309835989053,38.74560294346713,39.85516640028152,138.09246072165888,-23.88047943408276
velo-rdma,ethernet_rx_256_to_511_bytes_phy_percent,26.677361851768808,26.14814812437557,27.812120775683656,113.60793567183181,8.28623688463399
velo-rdma,ethernet_rx_65_to_127_bytes_phy_percent,31.24993455214998,30.13986327514187,32.22811030799953,122.73531811602271,49.641231291789055
velo-rdma,ethernet_rx_64_bytes_phy_percent,2.2462167684856675e-05,2.1700398141703514e-05,2.3523279089441958e-05,36.91125634246628,21.876503645942734
velo-rdma,ethernet_rx_2048_to_4095_bytes_phy_percent,0.0,0.0,0.0,,
velo-rdma,rx_discards_phy_per_second,0.0,0.0,0.0,,
velo-rdma,tx_discards_phy_per_second,0.0,0.0,0.0,,
velo-rdma,rx_out_of_buffer_per_second,0.0,0.0,0.0,-100.0,-100.0
velo-rdma,RetransSegs_per_second,689.0166323440127,629.5762899306129,830.7591561837539,57.64785808557884,-84.36407085455254
velo-rdma,rdma_port_rcv_errors_per_second,0.0,0.0,0.0,,
velo-rdma,rdma_port_xmit_discards_per_second,0.0,0.0,0.0,,
velo-rdma,rdma_out_of_buffer_per_second,0.0,0.0,0.058295325747479323,,
velo-rdma,rdma_packet_seq_err_per_second,0.0,0.0,0.0,,
velo-rdma,rdma_local_ack_timeout_err_per_second,0.0,0.0,0.0,,
velo-rdma,rdma_req_transport_retries_exceeded_per_second,0.0,0.0,0.0,,
velo-rdma,frontend_mean_rss_gib,39.20880342383687,38.454709391948604,40.308712793775825,-8.248193440359309,-14.712865682423315
velo-rdma,client_mean_cores,127.47656332894576,124.35366504900658,130.4327990434511,56.69056631159501,-1.7799239255874788
