concurrency,metric,1p1d,2p1d,delta_2p1d_minus_1p1d,relative_delta_pct
8,output_tokens_per_s,612.365644527056,670.0017053808344,57.63606085377842,9.412033703865289
8,output_tokens_per_s_per_gpu,153.091411131764,111.66695089680574,-41.42446023495826,-27.05864419742314
8,per_user_output_tokens_per_s_mean,140.61816066017835,124.53511089117417,-16.083049769004177,-11.43739165232783
8,per_user_output_tokens_per_s_p50,113.32707755611455,106.54738582333312,-6.77969173278143,-5.982411158025696
8,ttft_ms_mean,4245.716924760611,2526.090769604414,-1719.6261551561965,-40.50260970361691
8,ttft_ms_p50,2020.203839,757.815448,-1262.388391,-62.48816909608892
8,ttft_ms_p95,16691.924616199984,11002.915212899994,-5689.00940329999,-34.082405319388066
8,prompt_cache_read_pct,8.72734943772119,8.54134519147109,-0.18600424625009992,-2.1312799215550577
16,output_tokens_per_s,826.1469746537514,1035.4465394954034,209.299564841652,25.334422477231982
16,output_tokens_per_s_per_gpu,206.53674366343785,172.5744232492339,-33.96232041420396,-16.443718348512018
16,per_user_output_tokens_per_s_mean,129.87081383603655,101.64785225925962,-28.222961576776925,-21.73156596401155
16,per_user_output_tokens_per_s_p50,99.87583710919122,88.81228177696492,-11.0635553322263,-11.07730923960202
16,ttft_ms_mean,9381.047236470287,4092.6957784929255,-5288.351457977362,-56.372719640703544
16,ttft_ms_p50,7005.303991,1668.5864829999998,-5336.717508,-76.18109813444639
16,ttft_ms_p95,28318.302735999994,16240.28607289998,-12078.016663100014,-42.650920062895175
16,prompt_cache_read_pct,8.72734943772119,8.480937858453467,-0.24641157926772195,-2.8234411951317813
32,output_tokens_per_s,895.5751405725932,1408.833394045623,513.2582534730298,57.310462318647424
32,output_tokens_per_s_per_gpu,223.8937851431483,234.8055656742705,10.91178053112219,4.873641545764951
32,per_user_output_tokens_per_s_mean,117.80994324343719,83.09221353147447,-34.71772971196272,-29.469269533746875
32,per_user_output_tokens_per_s_p50,89.36166083117776,72.87354600282596,-16.488114828351797,-18.450994167958875
32,ttft_ms_mean,23958.839206531975,8586.868432099038,-15371.970774432937,-64.15991460154726
32,ttft_ms_p50,21497.070071,5897.956445,-15599.113625999998,-72.563905567036
32,ttft_ms_p95,52446.97191239999,27525.835637299984,-24921.136275100005,-47.51682578876956
32,prompt_cache_read_pct,8.72734943772119,8.480937858453467,-0.24641157926772195,-2.8234411951317813
