B-i70k-o512-clienttok-r250	B-clienttok	250	64,65,66,67,68,69,70,71,72,73,74,75,76,77,78,79,80,81,82,83,84,85,86,87,88,89,90,91,92,93,94,95	0-63		--endpoint-type chat --benchmark-duration 60 --benchmark-grace-period 10 --num-dataset-entries 100 --random-seed 7 --isl-stddev 0 --osl-stddev 0 --streaming --isl 70000 --osl 512 --request-rate 250
B-i70k-o512-clienttok-r500	B-clienttok	500	64,65,66,67,68,69,70,71,72,73,74,75,76,77,78,79,80,81,82,83,84,85,86,87,88,89,90,91,92,93,94,95	0-63		--endpoint-type chat --benchmark-duration 60 --benchmark-grace-period 10 --num-dataset-entries 100 --random-seed 7 --isl-stddev 0 --osl-stddev 0 --streaming --isl 70000 --osl 512 --request-rate 500
B-i70k-o512-clienttok-r1000	B-clienttok	1000	64,65,66,67,68,69,70,71,72,73,74,75,76,77,78,79,80,81,82,83,84,85,86,87,88,89,90,91,92,93,94,95	0-63		--endpoint-type chat --benchmark-duration 60 --benchmark-grace-period 10 --num-dataset-entries 100 --random-seed 7 --isl-stddev 0 --osl-stddev 0 --streaming --isl 70000 --osl 512 --request-rate 1000
B-i70k-o512-clienttok-r2000	B-clienttok	2000	64,65,66,67,68,69,70,71,72,73,74,75,76,77,78,79,80,81,82,83,84,85,86,87,88,89,90,91,92,93,94,95	0-63		--endpoint-type chat --benchmark-duration 60 --benchmark-grace-period 10 --num-dataset-entries 100 --random-seed 7 --isl-stddev 0 --osl-stddev 0 --streaming --isl 70000 --osl 512 --request-rate 2000
B-i70k-o512-nostream-r1000	B-nostream	1000	64,65,66,67,68,69,70,71,72,73,74,75,76,77,78,79,80,81,82,83,84,85,86,87,88,89,90,91,92,93,94,95	0-63		--endpoint-type chat --benchmark-duration 60 --benchmark-grace-period 10 --num-dataset-entries 100 --random-seed 7 --isl-stddev 0 --osl-stddev 0 --use-server-token-count --isl 70000 --osl 512 --request-rate 1000
B-i70k-o512-nostream-r2000	B-nostream	2000	64,65,66,67,68,69,70,71,72,73,74,75,76,77,78,79,80,81,82,83,84,85,86,87,88,89,90,91,92,93,94,95	0-63		--endpoint-type chat --benchmark-duration 60 --benchmark-grace-period 10 --num-dataset-entries 100 --random-seed 7 --isl-stddev 0 --osl-stddev 0 --use-server-token-count --isl 70000 --osl 512 --request-rate 2000
B-i70k-o512-nostream-r4000	B-nostream	4000	64,65,66,67,68,69,70,71,72,73,74,75,76,77,78,79,80,81,82,83,84,85,86,87,88,89,90,91,92,93,94,95	0-63		--endpoint-type chat --benchmark-duration 60 --benchmark-grace-period 10 --num-dataset-entries 100 --random-seed 7 --isl-stddev 0 --osl-stddev 0 --use-server-token-count --isl 70000 --osl 512 --request-rate 4000
B-i70k-o512-nostream-r8000	B-nostream	8000	64,65,66,67,68,69,70,71,72,73,74,75,76,77,78,79,80,81,82,83,84,85,86,87,88,89,90,91,92,93,94,95	0-63		--endpoint-type chat --benchmark-duration 60 --benchmark-grace-period 10 --num-dataset-entries 100 --random-seed 7 --isl-stddev 0 --osl-stddev 0 --use-server-token-count --isl 70000 --osl 512 --request-rate 8000
B-i70k-o512-summary-r1000	B-summary	1000	64,65,66,67,68,69,70,71,72,73,74,75,76,77,78,79,80,81,82,83,84,85,86,87,88,89,90,91,92,93,94,95	0-63		--endpoint-type chat --benchmark-duration 60 --benchmark-grace-period 10 --num-dataset-entries 100 --random-seed 7 --isl-stddev 0 --osl-stddev 0 --use-server-token-count --streaming --export-level summary --isl 70000 --osl 512 --request-rate 1000
B-i70k-o512-summary-r2000	B-summary	2000	64,65,66,67,68,69,70,71,72,73,74,75,76,77,78,79,80,81,82,83,84,85,86,87,88,89,90,91,92,93,94,95	0-63		--endpoint-type chat --benchmark-duration 60 --benchmark-grace-period 10 --num-dataset-entries 100 --random-seed 7 --isl-stddev 0 --osl-stddev 0 --use-server-token-count --streaming --export-level summary --isl 70000 --osl 512 --request-rate 2000
B-i70k-o512-summary-r4000	B-summary	4000	64,65,66,67,68,69,70,71,72,73,74,75,76,77,78,79,80,81,82,83,84,85,86,87,88,89,90,91,92,93,94,95	0-63		--endpoint-type chat --benchmark-duration 60 --benchmark-grace-period 10 --num-dataset-entries 100 --random-seed 7 --isl-stddev 0 --osl-stddev 0 --use-server-token-count --streaming --export-level summary --isl 70000 --osl 512 --request-rate 4000
B-i70k-o512-preformat-r1000	B-preformat	1000	64,65,66,67,68,69,70,71,72,73,74,75,76,77,78,79,80,81,82,83,84,85,86,87,88,89,90,91,92,93,94,95	0-63	AIPERF_DATASET_PREFORMAT_PAYLOADS=true	--endpoint-type chat --benchmark-duration 60 --benchmark-grace-period 10 --num-dataset-entries 100 --random-seed 7 --isl-stddev 0 --osl-stddev 0 --use-server-token-count --streaming --isl 70000 --osl 512 --request-rate 1000
B-i70k-o512-preformat-r2000	B-preformat	2000	64,65,66,67,68,69,70,71,72,73,74,75,76,77,78,79,80,81,82,83,84,85,86,87,88,89,90,91,92,93,94,95	0-63	AIPERF_DATASET_PREFORMAT_PAYLOADS=true	--endpoint-type chat --benchmark-duration 60 --benchmark-grace-period 10 --num-dataset-entries 100 --random-seed 7 --isl-stddev 0 --osl-stddev 0 --use-server-token-count --streaming --isl 70000 --osl 512 --request-rate 2000
B-i70k-o512-preformat-r4000	B-preformat	4000	64,65,66,67,68,69,70,71,72,73,74,75,76,77,78,79,80,81,82,83,84,85,86,87,88,89,90,91,92,93,94,95	0-63	AIPERF_DATASET_PREFORMAT_PAYLOADS=true	--endpoint-type chat --benchmark-duration 60 --benchmark-grace-period 10 --num-dataset-entries 100 --random-seed 7 --isl-stddev 0 --osl-stddev 0 --use-server-token-count --streaming --isl 70000 --osl 512 --request-rate 4000
B-i70k-o512-w64-r2000	B-w64	2000	64,65,66,67,68,69,70,71,72,73,74,75,76,77,78,79,80,81,82,83,84,85,86,87,88,89,90,91,92,93,94,95	0-63		--endpoint-type chat --benchmark-duration 60 --benchmark-grace-period 10 --num-dataset-entries 100 --random-seed 7 --isl-stddev 0 --osl-stddev 0 --use-server-token-count --streaming --workers-max 64 --isl 70000 --osl 512 --request-rate 2000
B-i70k-o512-w64-r4000	B-w64	4000	64,65,66,67,68,69,70,71,72,73,74,75,76,77,78,79,80,81,82,83,84,85,86,87,88,89,90,91,92,93,94,95	0-63		--endpoint-type chat --benchmark-duration 60 --benchmark-grace-period 10 --num-dataset-entries 100 --random-seed 7 --isl-stddev 0 --osl-stddev 0 --use-server-token-count --streaming --workers-max 64 --isl 70000 --osl 512 --request-rate 4000
B-i10k-o128-r12000	B-i10k-hi	12000	64,65,66,67,68,69,70,71,72,73,74,75,76,77,78,79,80,81,82,83,84,85,86,87,88,89,90,91,92,93,94,95	0-63		--endpoint-type chat --benchmark-duration 60 --benchmark-grace-period 10 --num-dataset-entries 100 --random-seed 7 --isl-stddev 0 --osl-stddev 0 --use-server-token-count --streaming --isl 10000 --osl 128 --request-rate 12000
B-i10k-o128-r16000	B-i10k-hi	16000	64,65,66,67,68,69,70,71,72,73,74,75,76,77,78,79,80,81,82,83,84,85,86,87,88,89,90,91,92,93,94,95	0-63		--endpoint-type chat --benchmark-duration 60 --benchmark-grace-period 10 --num-dataset-entries 100 --random-seed 7 --isl-stddev 0 --osl-stddev 0 --use-server-token-count --streaming --isl 10000 --osl 128 --request-rate 16000
B-i10k-o128-w64-r12000	B-i10k-hi-w64	12000	64,65,66,67,68,69,70,71,72,73,74,75,76,77,78,79,80,81,82,83,84,85,86,87,88,89,90,91,92,93,94,95	0-63		--endpoint-type chat --benchmark-duration 60 --benchmark-grace-period 10 --num-dataset-entries 100 --random-seed 7 --isl-stddev 0 --osl-stddev 0 --use-server-token-count --streaming --workers-max 64 --isl 10000 --osl 128 --request-rate 12000
B-i10k-o128-w64-r16000	B-i10k-hi-w64	16000	64,65,66,67,68,69,70,71,72,73,74,75,76,77,78,79,80,81,82,83,84,85,86,87,88,89,90,91,92,93,94,95	0-63		--endpoint-type chat --benchmark-duration 60 --benchmark-grace-period 10 --num-dataset-entries 100 --random-seed 7 --isl-stddev 0 --osl-stddev 0 --use-server-token-count --streaming --workers-max 64 --isl 10000 --osl 128 --request-rate 16000
B-i70k-o512-itl20-r250	B-itl20	250	64,65,66,67,68,69,70,71,72,73,74,75,76,77,78,79,80,81,82,83,84,85,86,87,88,89,90,91,92,93,94,95	0-63	STUB_ITL_MS=20	--endpoint-type chat --benchmark-duration 60 --benchmark-grace-period 10 --num-dataset-entries 100 --random-seed 7 --isl-stddev 0 --osl-stddev 0 --use-server-token-count --streaming --isl 70000 --osl 512 --request-rate 250
B-i70k-o512-itl20-r500	B-itl20	500	64,65,66,67,68,69,70,71,72,73,74,75,76,77,78,79,80,81,82,83,84,85,86,87,88,89,90,91,92,93,94,95	0-63	STUB_ITL_MS=20	--endpoint-type chat --benchmark-duration 60 --benchmark-grace-period 10 --num-dataset-entries 100 --random-seed 7 --isl-stddev 0 --osl-stddev 0 --use-server-token-count --streaming --isl 70000 --osl 512 --request-rate 500
B-i70k-o512-itl20-r1000	B-itl20	1000	64,65,66,67,68,69,70,71,72,73,74,75,76,77,78,79,80,81,82,83,84,85,86,87,88,89,90,91,92,93,94,95	0-63	STUB_ITL_MS=20	--endpoint-type chat --benchmark-duration 60 --benchmark-grace-period 10 --num-dataset-entries 100 --random-seed 7 --isl-stddev 0 --osl-stddev 0 --use-server-token-count --streaming --isl 70000 --osl 512 --request-rate 1000
B-i70k-o512-itl20-r2000	B-itl20	2000	64,65,66,67,68,69,70,71,72,73,74,75,76,77,78,79,80,81,82,83,84,85,86,87,88,89,90,91,92,93,94,95	0-63	STUB_ITL_MS=20	--endpoint-type chat --benchmark-duration 60 --benchmark-grace-period 10 --num-dataset-entries 100 --random-seed 7 --isl-stddev 0 --osl-stddev 0 --use-server-token-count --streaming --isl 70000 --osl 512 --request-rate 2000
