A-i10k-o128-stream-r250	A-i10k-o128-stream	250	64,65,66,67,68,69,70,71,72,73,74,75,76,77,78,79,80,81,82,83,84,85,86,87,88,89,90,91,92,93,94,95	0-63		--endpoint-type chat --use-server-token-count --benchmark-duration 60 --benchmark-grace-period 10 --num-dataset-entries 100 --random-seed 7 --isl-stddev 0 --osl-stddev 0 --streaming --isl 10000 --osl 128 --request-rate 250
A-i10k-o128-stream-r500	A-i10k-o128-stream	500	64,65,66,67,68,69,70,71,72,73,74,75,76,77,78,79,80,81,82,83,84,85,86,87,88,89,90,91,92,93,94,95	0-63		--endpoint-type chat --use-server-token-count --benchmark-duration 60 --benchmark-grace-period 10 --num-dataset-entries 100 --random-seed 7 --isl-stddev 0 --osl-stddev 0 --streaming --isl 10000 --osl 128 --request-rate 500
A-i10k-o128-stream-r1000	A-i10k-o128-stream	1000	64,65,66,67,68,69,70,71,72,73,74,75,76,77,78,79,80,81,82,83,84,85,86,87,88,89,90,91,92,93,94,95	0-63		--endpoint-type chat --use-server-token-count --benchmark-duration 60 --benchmark-grace-period 10 --num-dataset-entries 100 --random-seed 7 --isl-stddev 0 --osl-stddev 0 --streaming --isl 10000 --osl 128 --request-rate 1000
A-i10k-o128-stream-r2000	A-i10k-o128-stream	2000	64,65,66,67,68,69,70,71,72,73,74,75,76,77,78,79,80,81,82,83,84,85,86,87,88,89,90,91,92,93,94,95	0-63		--endpoint-type chat --use-server-token-count --benchmark-duration 60 --benchmark-grace-period 10 --num-dataset-entries 100 --random-seed 7 --isl-stddev 0 --osl-stddev 0 --streaming --isl 10000 --osl 128 --request-rate 2000
A-i10k-o128-stream-r4000	A-i10k-o128-stream	4000	64,65,66,67,68,69,70,71,72,73,74,75,76,77,78,79,80,81,82,83,84,85,86,87,88,89,90,91,92,93,94,95	0-63		--endpoint-type chat --use-server-token-count --benchmark-duration 60 --benchmark-grace-period 10 --num-dataset-entries 100 --random-seed 7 --isl-stddev 0 --osl-stddev 0 --streaming --isl 10000 --osl 128 --request-rate 4000
A-i10k-o128-stream-r8000	A-i10k-o128-stream	8000	64,65,66,67,68,69,70,71,72,73,74,75,76,77,78,79,80,81,82,83,84,85,86,87,88,89,90,91,92,93,94,95	0-63		--endpoint-type chat --use-server-token-count --benchmark-duration 60 --benchmark-grace-period 10 --num-dataset-entries 100 --random-seed 7 --isl-stddev 0 --osl-stddev 0 --streaming --isl 10000 --osl 128 --request-rate 8000
A-i70k-o512-stream-r250	A-i70k-o512-stream	250	64,65,66,67,68,69,70,71,72,73,74,75,76,77,78,79,80,81,82,83,84,85,86,87,88,89,90,91,92,93,94,95	0-63		--endpoint-type chat --use-server-token-count --benchmark-duration 60 --benchmark-grace-period 10 --num-dataset-entries 100 --random-seed 7 --isl-stddev 0 --osl-stddev 0 --streaming --isl 70000 --osl 512 --request-rate 250
A-i70k-o512-stream-r500	A-i70k-o512-stream	500	64,65,66,67,68,69,70,71,72,73,74,75,76,77,78,79,80,81,82,83,84,85,86,87,88,89,90,91,92,93,94,95	0-63		--endpoint-type chat --use-server-token-count --benchmark-duration 60 --benchmark-grace-period 10 --num-dataset-entries 100 --random-seed 7 --isl-stddev 0 --osl-stddev 0 --streaming --isl 70000 --osl 512 --request-rate 500
A-i70k-o512-stream-r1000	A-i70k-o512-stream	1000	64,65,66,67,68,69,70,71,72,73,74,75,76,77,78,79,80,81,82,83,84,85,86,87,88,89,90,91,92,93,94,95	0-63		--endpoint-type chat --use-server-token-count --benchmark-duration 60 --benchmark-grace-period 10 --num-dataset-entries 100 --random-seed 7 --isl-stddev 0 --osl-stddev 0 --streaming --isl 70000 --osl 512 --request-rate 1000
A-i70k-o512-stream-r2000	A-i70k-o512-stream	2000	64,65,66,67,68,69,70,71,72,73,74,75,76,77,78,79,80,81,82,83,84,85,86,87,88,89,90,91,92,93,94,95	0-63		--endpoint-type chat --use-server-token-count --benchmark-duration 60 --benchmark-grace-period 10 --num-dataset-entries 100 --random-seed 7 --isl-stddev 0 --osl-stddev 0 --streaming --isl 70000 --osl 512 --request-rate 2000
A-i70k-o512-stream-r4000	A-i70k-o512-stream	4000	64,65,66,67,68,69,70,71,72,73,74,75,76,77,78,79,80,81,82,83,84,85,86,87,88,89,90,91,92,93,94,95	0-63		--endpoint-type chat --use-server-token-count --benchmark-duration 60 --benchmark-grace-period 10 --num-dataset-entries 100 --random-seed 7 --isl-stddev 0 --osl-stddev 0 --streaming --isl 70000 --osl 512 --request-rate 4000
A-i70k-o512-stream-r8000	A-i70k-o512-stream	8000	64,65,66,67,68,69,70,71,72,73,74,75,76,77,78,79,80,81,82,83,84,85,86,87,88,89,90,91,92,93,94,95	0-63		--endpoint-type chat --use-server-token-count --benchmark-duration 60 --benchmark-grace-period 10 --num-dataset-entries 100 --random-seed 7 --isl-stddev 0 --osl-stddev 0 --streaming --isl 70000 --osl 512 --request-rate 8000
A-i70k-o128-stream-r250	A-i70k-o128-stream	250	64,65,66,67,68,69,70,71,72,73,74,75,76,77,78,79,80,81,82,83,84,85,86,87,88,89,90,91,92,93,94,95	0-63		--endpoint-type chat --use-server-token-count --benchmark-duration 60 --benchmark-grace-period 10 --num-dataset-entries 100 --random-seed 7 --isl-stddev 0 --osl-stddev 0 --streaming --isl 70000 --osl 128 --request-rate 250
A-i70k-o128-stream-r500	A-i70k-o128-stream	500	64,65,66,67,68,69,70,71,72,73,74,75,76,77,78,79,80,81,82,83,84,85,86,87,88,89,90,91,92,93,94,95	0-63		--endpoint-type chat --use-server-token-count --benchmark-duration 60 --benchmark-grace-period 10 --num-dataset-entries 100 --random-seed 7 --isl-stddev 0 --osl-stddev 0 --streaming --isl 70000 --osl 128 --request-rate 500
A-i70k-o128-stream-r1000	A-i70k-o128-stream	1000	64,65,66,67,68,69,70,71,72,73,74,75,76,77,78,79,80,81,82,83,84,85,86,87,88,89,90,91,92,93,94,95	0-63		--endpoint-type chat --use-server-token-count --benchmark-duration 60 --benchmark-grace-period 10 --num-dataset-entries 100 --random-seed 7 --isl-stddev 0 --osl-stddev 0 --streaming --isl 70000 --osl 128 --request-rate 1000
A-i70k-o128-stream-r2000	A-i70k-o128-stream	2000	64,65,66,67,68,69,70,71,72,73,74,75,76,77,78,79,80,81,82,83,84,85,86,87,88,89,90,91,92,93,94,95	0-63		--endpoint-type chat --use-server-token-count --benchmark-duration 60 --benchmark-grace-period 10 --num-dataset-entries 100 --random-seed 7 --isl-stddev 0 --osl-stddev 0 --streaming --isl 70000 --osl 128 --request-rate 2000
A-i70k-o128-stream-r4000	A-i70k-o128-stream	4000	64,65,66,67,68,69,70,71,72,73,74,75,76,77,78,79,80,81,82,83,84,85,86,87,88,89,90,91,92,93,94,95	0-63		--endpoint-type chat --use-server-token-count --benchmark-duration 60 --benchmark-grace-period 10 --num-dataset-entries 100 --random-seed 7 --isl-stddev 0 --osl-stddev 0 --streaming --isl 70000 --osl 128 --request-rate 4000
A-i70k-o128-stream-r8000	A-i70k-o128-stream	8000	64,65,66,67,68,69,70,71,72,73,74,75,76,77,78,79,80,81,82,83,84,85,86,87,88,89,90,91,92,93,94,95	0-63		--endpoint-type chat --use-server-token-count --benchmark-duration 60 --benchmark-grace-period 10 --num-dataset-entries 100 --random-seed 7 --isl-stddev 0 --osl-stddev 0 --streaming --isl 70000 --osl 128 --request-rate 8000
A-i200k-o1024-stream-r250	A-i200k-o1024-stream	250	64,65,66,67,68,69,70,71,72,73,74,75,76,77,78,79,80,81,82,83,84,85,86,87,88,89,90,91,92,93,94,95	0-63		--endpoint-type chat --use-server-token-count --benchmark-duration 60 --benchmark-grace-period 10 --num-dataset-entries 100 --random-seed 7 --isl-stddev 0 --osl-stddev 0 --streaming --isl 200000 --osl 1024 --request-rate 250
A-i200k-o1024-stream-r500	A-i200k-o1024-stream	500	64,65,66,67,68,69,70,71,72,73,74,75,76,77,78,79,80,81,82,83,84,85,86,87,88,89,90,91,92,93,94,95	0-63		--endpoint-type chat --use-server-token-count --benchmark-duration 60 --benchmark-grace-period 10 --num-dataset-entries 100 --random-seed 7 --isl-stddev 0 --osl-stddev 0 --streaming --isl 200000 --osl 1024 --request-rate 500
A-i200k-o1024-stream-r1000	A-i200k-o1024-stream	1000	64,65,66,67,68,69,70,71,72,73,74,75,76,77,78,79,80,81,82,83,84,85,86,87,88,89,90,91,92,93,94,95	0-63		--endpoint-type chat --use-server-token-count --benchmark-duration 60 --benchmark-grace-period 10 --num-dataset-entries 100 --random-seed 7 --isl-stddev 0 --osl-stddev 0 --streaming --isl 200000 --osl 1024 --request-rate 1000
A-i200k-o1024-stream-r2000	A-i200k-o1024-stream	2000	64,65,66,67,68,69,70,71,72,73,74,75,76,77,78,79,80,81,82,83,84,85,86,87,88,89,90,91,92,93,94,95	0-63		--endpoint-type chat --use-server-token-count --benchmark-duration 60 --benchmark-grace-period 10 --num-dataset-entries 100 --random-seed 7 --isl-stddev 0 --osl-stddev 0 --streaming --isl 200000 --osl 1024 --request-rate 2000
A-i200k-o1024-stream-r4000	A-i200k-o1024-stream	4000	64,65,66,67,68,69,70,71,72,73,74,75,76,77,78,79,80,81,82,83,84,85,86,87,88,89,90,91,92,93,94,95	0-63		--endpoint-type chat --use-server-token-count --benchmark-duration 60 --benchmark-grace-period 10 --num-dataset-entries 100 --random-seed 7 --isl-stddev 0 --osl-stddev 0 --streaming --isl 200000 --osl 1024 --request-rate 4000
A-i200k-o1024-stream-r8000	A-i200k-o1024-stream	8000	64,65,66,67,68,69,70,71,72,73,74,75,76,77,78,79,80,81,82,83,84,85,86,87,88,89,90,91,92,93,94,95	0-63		--endpoint-type chat --use-server-token-count --benchmark-duration 60 --benchmark-grace-period 10 --num-dataset-entries 100 --random-seed 7 --isl-stddev 0 --osl-stddev 0 --streaming --isl 200000 --osl 1024 --request-rate 8000
