E-i70k-o512-rp32-r2000	E-rp32	2000	64,65,66,67,68,69,70,71,72,73,74,75,76,77,78,79,80,81,82,83,84,85,86,87,88,89,90,91,92,93,94,95	0-63		--endpoint-type chat --use-server-token-count --streaming --benchmark-duration 60 --benchmark-grace-period 10 --num-dataset-entries 100 --random-seed 7 --isl-stddev 0 --osl-stddev 0 --isl 70000 --osl 512 --record-processors 32 --request-rate 2000
E-i70k-o512-rp32-r4000	E-rp32	4000	64,65,66,67,68,69,70,71,72,73,74,75,76,77,78,79,80,81,82,83,84,85,86,87,88,89,90,91,92,93,94,95	0-63		--endpoint-type chat --use-server-token-count --streaming --benchmark-duration 60 --benchmark-grace-period 10 --num-dataset-entries 100 --random-seed 7 --isl-stddev 0 --osl-stddev 0 --isl 70000 --osl 512 --record-processors 32 --request-rate 4000
E-i70k-o512-w64-rp32-c96-r4000	E-w64rp32	4000	96,97,98,99,100,101,102,103,104,105,106,107,108,109,110,111,112,113,114,115,116,117,118,119,120,121,122,123,124,125,126	0-95		--endpoint-type chat --use-server-token-count --streaming --benchmark-duration 60 --benchmark-grace-period 10 --num-dataset-entries 100 --random-seed 7 --isl-stddev 0 --osl-stddev 0 --isl 70000 --osl 512 --workers-max 64 --record-processors 32 --request-rate 4000
E-i70k-o512-w64-rp32-c96-r6000	E-w64rp32	6000	96,97,98,99,100,101,102,103,104,105,106,107,108,109,110,111,112,113,114,115,116,117,118,119,120,121,122,123,124,125,126	0-95		--endpoint-type chat --use-server-token-count --streaming --benchmark-duration 60 --benchmark-grace-period 10 --num-dataset-entries 100 --random-seed 7 --isl-stddev 0 --osl-stddev 0 --isl 70000 --osl 512 --workers-max 64 --record-processors 32 --request-rate 6000
E-i70k-o512-w64-rp32-c96-r8000	E-w64rp32	8000	96,97,98,99,100,101,102,103,104,105,106,107,108,109,110,111,112,113,114,115,116,117,118,119,120,121,122,123,124,125,126	0-95		--endpoint-type chat --use-server-token-count --streaming --benchmark-duration 60 --benchmark-grace-period 10 --num-dataset-entries 100 --random-seed 7 --isl-stddev 0 --osl-stddev 0 --isl 70000 --osl 512 --workers-max 64 --record-processors 32 --request-rate 8000
E-i70k-o512-itl20-r500	E-itl20	500	64,65,66,67,68,69,70,71,72,73,74,75,76,77,78,79,80,81,82,83,84,85,86,87,88,89,90,91,92,93,94,95	0-63	STUB_ITL_MS=20	--endpoint-type chat --use-server-token-count --streaming --benchmark-duration 60 --benchmark-grace-period 15 --num-dataset-entries 100 --random-seed 7 --isl-stddev 0 --osl-stddev 0 --isl 70000 --osl 512 --request-rate 500
E-i70k-o512-itl20-r1000	E-itl20	1000	64,65,66,67,68,69,70,71,72,73,74,75,76,77,78,79,80,81,82,83,84,85,86,87,88,89,90,91,92,93,94,95	0-63	STUB_ITL_MS=20	--endpoint-type chat --use-server-token-count --streaming --benchmark-duration 60 --benchmark-grace-period 15 --num-dataset-entries 100 --random-seed 7 --isl-stddev 0 --osl-stddev 0 --isl 70000 --osl 512 --request-rate 1000
E-i70k-o512-itl20-r2000	E-itl20	2000	64,65,66,67,68,69,70,71,72,73,74,75,76,77,78,79,80,81,82,83,84,85,86,87,88,89,90,91,92,93,94,95	0-63	STUB_ITL_MS=20	--endpoint-type chat --use-server-token-count --streaming --benchmark-duration 60 --benchmark-grace-period 15 --num-dataset-entries 100 --random-seed 7 --isl-stddev 0 --osl-stddev 0 --isl 70000 --osl 512 --request-rate 2000
E-agx-replay-rp32-c8192	E-agx-replay-rp32-c8192	na	64,65,66,67,68,69,70,71,72,73,74,75,76,77,78,79,80,81,82,83,84,85,86,87,88,89,90,91,92,93,94,95	0-63		--endpoint-type chat --streaming --use-server-token-count --public-dataset semianalysis_cc_traces_weka_062126_256k --random-seed 20261006 --scenario inferencex-agentx-mvp --unsafe-override --burst-phase-starts --record-processors 32 --concurrency 8192 --benchmark-duration 120 --benchmark-grace-period 30
E-agx-replay-rp32-c16384	E-agx-replay-rp32-c16384	na	64,65,66,67,68,69,70,71,72,73,74,75,76,77,78,79,80,81,82,83,84,85,86,87,88,89,90,91,92,93,94,95	0-63		--endpoint-type chat --streaming --use-server-token-count --public-dataset semianalysis_cc_traces_weka_062126_256k --random-seed 20261006 --scenario inferencex-agentx-mvp --unsafe-override --burst-phase-starts --record-processors 32 --concurrency 16384 --benchmark-duration 120 --benchmark-grace-period 30
E-agx-replay-rp32-c32768	E-agx-replay-rp32-c32768	na	64,65,66,67,68,69,70,71,72,73,74,75,76,77,78,79,80,81,82,83,84,85,86,87,88,89,90,91,92,93,94,95	0-63		--endpoint-type chat --streaming --use-server-token-count --public-dataset semianalysis_cc_traces_weka_062126_256k --random-seed 20261006 --scenario inferencex-agentx-mvp --unsafe-override --burst-phase-starts --record-processors 32 --concurrency 32768 --benchmark-duration 120 --benchmark-grace-period 30
E-agx-b2b-rp32-c64	E-agx-b2b-rp32-c64	na	64,65,66,67,68,69,70,71,72,73,74,75,76,77,78,79,80,81,82,83,84,85,86,87,88,89,90,91,92,93,94,95	0-63		--endpoint-type chat --streaming --use-server-token-count --public-dataset semianalysis_cc_traces_weka_062126_256k --random-seed 20261006 --no-fixed-schedule --ignore-trace-delays --record-processors 32 --concurrency 64 --benchmark-duration 60 --benchmark-grace-period 30
